Date           ,       TSS,       DO,       AMM,       NIT,       FRP,       POC,       DOC,       PON,       DON,       POP,       DOP,       GRN,       BGA,       CRYPT,       MDIAT,       DINO,       ZEROS,       ONES 
01/01/2013 00:00, 1.800000 , 221.110446 , 0.142857 , 0.071429 , 0.064516 , 2.266978 , 22.669784 , 0.304330 , 3.043297 , 0.014700 , 0.147000 , 0.030625 , 0.024500 , 0.030625 , 0.254800 , 0.024500 , 0.000000 , 1.000000 
02/01/2013 00:00, 1.800000 , 221.110446 , 0.142857 , 0.071429 , 0.064516 , 2.272761 , 22.727615 , 0.305106 , 3.051061 , 0.014737 , 0.147375 , 0.030703 , 0.024562 , 0.030703 , 0.255450 , 0.024562 , 0.000000 , 1.000000 
03/01/2013 00:00, 1.800000 , 220.780008 , 0.142857 , 0.071429 , 0.064516 , 2.278545 , 22.785446 , 0.305882 , 3.058824 , 0.014775 , 0.147750 , 0.030781 , 0.024625 , 0.030781 , 0.256100 , 0.024625 , 0.000000 , 1.000000 
04/01/2013 00:00, 1.800000 , 220.586452 , 0.142857 , 0.071429 , 0.064516 , 2.284328 , 22.843277 , 0.306659 , 3.066588 , 0.014813 , 0.148125 , 0.030859 , 0.024688 , 0.030859 , 0.256750 , 0.024688 , 0.000000 , 1.000000 
05/01/2013 00:00, 1.800000 , 221.976821 , 0.142857 , 0.071429 , 0.064516 , 2.290111 , 22.901108 , 0.307435 , 3.074351 , 0.014850 , 0.148500 , 0.030938 , 0.024750 , 0.030938 , 0.257400 , 0.024750 , 0.000000 , 1.000000 
06/01/2013 00:00, 1.800000 , 222.015766 , 0.142857 , 0.071429 , 0.064516 , 2.295894 , 22.958939 , 0.308211 , 3.082115 , 0.014887 , 0.148875 , 0.031016 , 0.024812 , 0.031016 , 0.258050 , 0.024812 , 0.000000 , 1.000000 
07/01/2013 00:00, 1.800000 , 221.631270 , 0.142857 , 0.071429 , 0.064516 , 2.301677 , 23.016770 , 0.308988 , 3.089878 , 0.014925 , 0.149250 , 0.031094 , 0.024875 , 0.031094 , 0.258700 , 0.024875 , 0.000000 , 1.000000 
08/01/2013 00:00, 1.800000 , 220.195059 , 0.142857 , 0.071429 , 0.064516 , 2.307460 , 23.074601 , 0.309764 , 3.097642 , 0.014963 , 0.149625 , 0.031172 , 0.024938 , 0.031172 , 0.259350 , 0.024938 , 0.000000 , 1.000000 
09/01/2013 00:00, 1.800000 , 219.105565 , 0.142857 , 0.071429 , 0.064516 , 2.313243 , 23.132432 , 0.310541 , 3.105405 , 0.015000 , 0.150000 , 0.031250 , 0.025000 , 0.031250 , 0.260000 , 0.025000 , 0.000000 , 1.000000 
10/01/2013 00:00, 1.800000 , 219.498423 , 0.142857 , 0.071429 , 0.064516 , 2.297822 , 22.978216 , 0.308470 , 3.084703 , 0.014900 , 0.149000 , 0.031042 , 0.024833 , 0.031042 , 0.258267 , 0.024833 , 0.000000 , 1.000000 
11/01/2013 00:00, 1.800000 , 220.011093 , 0.142857 , 0.071429 , 0.064516 , 2.282400 , 22.824000 , 0.306400 , 3.064000 , 0.014800 , 0.148000 , 0.030833 , 0.024667 , 0.030833 , 0.256533 , 0.024667 , 0.000000 , 1.000000 
12/01/2013 00:00, 1.800000 , 220.762051 , 0.142857 , 0.071429 , 0.064516 , 2.266978 , 22.669784 , 0.304330 , 3.043297 , 0.014700 , 0.147000 , 0.030625 , 0.024500 , 0.030625 , 0.254800 , 0.024500 , 0.000000 , 1.000000 
13/01/2013 00:00, 1.800000 , 221.436708 , 0.142857 , 0.071429 , 0.064516 , 2.251557 , 22.515568 , 0.302259 , 3.022595 , 0.014600 , 0.146000 , 0.030417 , 0.024333 , 0.030417 , 0.253067 , 0.024333 , 0.000000 , 1.000000 
14/01/2013 00:00, 1.800000 , 220.271521 , 0.142857 , 0.071429 , 0.064516 , 2.236135 , 22.361351 , 0.300189 , 3.001892 , 0.014500 , 0.145000 , 0.030208 , 0.024167 , 0.030208 , 0.251333 , 0.024167 , 0.000000 , 1.000000 
15/01/2013 00:00, 1.800000 , 220.251074 , 0.142857 , 0.071429 , 0.064516 , 2.220714 , 22.207135 , 0.298119 , 2.981189 , 0.014400 , 0.144000 , 0.030000 , 0.024000 , 0.030000 , 0.249600 , 0.024000 , 0.000000 , 1.000000 
16/01/2013 00:00, 1.800000 , 219.266099 , 0.142857 , 0.071429 , 0.064516 , 2.205292 , 22.052919 , 0.296049 , 2.960486 , 0.014300 , 0.143000 , 0.029792 , 0.023833 , 0.029792 , 0.247867 , 0.023833 , 0.000000 , 1.000000 
17/01/2013 00:00, 1.800000 , 218.318188 , 0.142857 , 0.071429 , 0.064516 , 2.189870 , 21.898703 , 0.293978 , 2.939784 , 0.014200 , 0.142000 , 0.029583 , 0.023667 , 0.029583 , 0.246133 , 0.023667 , 0.000000 , 1.000000 
18/01/2013 00:00, 1.800000 , 219.901107 , 0.142857 , 0.071429 , 0.064516 , 2.202400 , 22.024003 , 0.295660 , 2.956605 , 0.014281 , 0.142812 , 0.029753 , 0.023802 , 0.029753 , 0.247542 , 0.023802 , 0.000000 , 1.000000 
19/01/2013 00:00, 1.800000 , 220.577457 , 0.142857 , 0.071429 , 0.064516 , 2.214930 , 22.149304 , 0.297343 , 2.973426 , 0.014362 , 0.143625 , 0.029922 , 0.023937 , 0.029922 , 0.248950 , 0.023937 , 0.000000 , 1.000000 
20/01/2013 00:00, 1.800000 , 220.670345 , 0.142857 , 0.071429 , 0.064516 , 2.227460 , 22.274605 , 0.299025 , 2.990247 , 0.014444 , 0.144437 , 0.030091 , 0.024073 , 0.030091 , 0.250358 , 0.024073 , 0.000000 , 1.000000 
21/01/2013 00:00, 1.800000 , 220.755786 , 0.142857 , 0.071429 , 0.064516 , 2.239991 , 22.399905 , 0.300707 , 3.007068 , 0.014525 , 0.145250 , 0.030260 , 0.024208 , 0.030260 , 0.251767 , 0.024208 , 0.000000 , 1.000000 
22/01/2013 00:00, 1.800000 , 220.939970 , 0.142857 , 0.071429 , 0.064516 , 2.252521 , 22.525206 , 0.302389 , 3.023889 , 0.014606 , 0.146062 , 0.030430 , 0.024344 , 0.030430 , 0.253175 , 0.024344 , 0.000000 , 1.000000 
23/01/2013 00:00, 1.800000 , 220.857769 , 0.142857 , 0.071429 , 0.064516 , 2.265051 , 22.650507 , 0.304071 , 3.040709 , 0.014687 , 0.146875 , 0.030599 , 0.024479 , 0.030599 , 0.254583 , 0.024479 , 0.000000 , 1.000000 
24/01/2013 00:00, 1.800000 , 221.366195 , 0.142857 , 0.071429 , 0.064516 , 2.277581 , 22.775807 , 0.305753 , 3.057530 , 0.014769 , 0.147687 , 0.030768 , 0.024615 , 0.030768 , 0.255992 , 0.024615 , 0.000000 , 1.000000 
25/01/2013 00:00, 1.800000 , 222.081612 , 0.142857 , 0.071429 , 0.064516 , 2.290111 , 22.901108 , 0.307435 , 3.074351 , 0.014850 , 0.148500 , 0.030938 , 0.024750 , 0.030938 , 0.257400 , 0.024750 , 0.000000 , 1.000000 
26/01/2013 00:00, 1.800000 , 222.919802 , 0.142857 , 0.071429 , 0.064516 , 2.302641 , 23.026409 , 0.309117 , 3.091172 , 0.014931 , 0.149312 , 0.031107 , 0.024885 , 0.031107 , 0.258808 , 0.024885 , 0.000000 , 1.000000 
27/01/2013 00:00, 1.800000 , 222.986291 , 0.142857 , 0.071429 , 0.064516 , 2.315171 , 23.151709 , 0.310799 , 3.107993 , 0.015013 , 0.150125 , 0.031276 , 0.025021 , 0.031276 , 0.260217 , 0.025021 , 0.000000 , 1.000000 
28/01/2013 00:00, 1.800000 , 223.991281 , 0.142857 , 0.071429 , 0.064516 , 2.327701 , 23.277010 , 0.312481 , 3.124814 , 0.015094 , 0.150938 , 0.031445 , 0.025156 , 0.031445 , 0.261625 , 0.025156 , 0.000000 , 1.000000 
29/01/2013 00:00, 1.800000 , 223.568775 , 0.142857 , 0.071429 , 0.064516 , 2.340231 , 23.402311 , 0.314164 , 3.141635 , 0.015175 , 0.151750 , 0.031615 , 0.025292 , 0.031615 , 0.263033 , 0.025292 , 0.000000 , 1.000000 
30/01/2013 00:00, 1.800000 , 222.836699 , 0.142857 , 0.071429 , 0.064516 , 2.352761 , 23.527611 , 0.315846 , 3.158456 , 0.015256 , 0.152562 , 0.031784 , 0.025427 , 0.031784 , 0.264442 , 0.025427 , 0.000000 , 1.000000 
31/01/2013 00:00, 1.800000 , 223.033318 , 0.142857 , 0.071429 , 0.064516 , 2.365291 , 23.652912 , 0.317528 , 3.175277 , 0.015337 , 0.153375 , 0.031953 , 0.025562 , 0.031953 , 0.265850 , 0.025562 , 0.000000 , 1.000000 
01/02/2013 00:00, 1.800000 , 223.617646 , 0.142857 , 0.071429 , 0.064516 , 2.377821 , 23.778213 , 0.319210 , 3.192098 , 0.015419 , 0.154188 , 0.032122 , 0.025698 , 0.032122 , 0.267258 , 0.025698 , 0.000000 , 1.000000 
02/02/2013 00:00, 1.800000 , 223.671881 , 0.142857 , 0.071429 , 0.064516 , 2.390351 , 23.903514 , 0.320892 , 3.208919 , 0.015500 , 0.155000 , 0.032292 , 0.025833 , 0.032292 , 0.268667 , 0.025833 , 0.000000 , 1.000000 
03/02/2013 00:00, 1.800000 , 222.692138 , 0.142857 , 0.071429 , 0.064516 , 2.378785 , 23.787851 , 0.319339 , 3.193392 , 0.015425 , 0.154250 , 0.032135 , 0.025708 , 0.032135 , 0.267367 , 0.025708 , 0.000000 , 1.000000 
04/02/2013 00:00, 1.800000 , 221.418785 , 0.142857 , 0.071429 , 0.064516 , 2.367219 , 23.672189 , 0.317786 , 3.177865 , 0.015350 , 0.153500 , 0.031979 , 0.025583 , 0.031979 , 0.266067 , 0.025583 , 0.000000 , 1.000000 
05/02/2013 00:00, 1.800000 , 221.036555 , 0.142857 , 0.071429 , 0.064516 , 2.355653 , 23.556527 , 0.316234 , 3.162338 , 0.015275 , 0.152750 , 0.031823 , 0.025458 , 0.031823 , 0.264767 , 0.025458 , 0.000000 , 1.000000 
06/02/2013 00:00, 1.800000 , 221.673790 , 0.142857 , 0.071429 , 0.064516 , 2.344086 , 23.440865 , 0.314681 , 3.146811 , 0.015200 , 0.152000 , 0.031667 , 0.025333 , 0.031667 , 0.263467 , 0.025333 , 0.000000 , 1.000000 
07/02/2013 00:00, 1.800000 , 222.407855 , 0.142857 , 0.071429 , 0.064516 , 2.332520 , 23.325203 , 0.313128 , 3.131284 , 0.015125 , 0.151250 , 0.031510 , 0.025208 , 0.031510 , 0.262167 , 0.025208 , 0.000000 , 1.000000 
08/02/2013 00:00, 1.800000 , 222.738729 , 0.142857 , 0.071429 , 0.064516 , 2.320954 , 23.209541 , 0.311576 , 3.115757 , 0.015050 , 0.150500 , 0.031354 , 0.025083 , 0.031354 , 0.260867 , 0.025083 , 0.000000 , 1.000000 
09/02/2013 00:00, 1.800000 , 222.813880 , 0.142857 , 0.071429 , 0.064516 , 2.309388 , 23.093878 , 0.310023 , 3.100230 , 0.014975 , 0.149750 , 0.031198 , 0.024958 , 0.031198 , 0.259567 , 0.024958 , 0.000000 , 1.000000 
10/02/2013 00:00, 1.800000 , 223.071670 , 0.142857 , 0.071429 , 0.064516 , 2.297822 , 22.978216 , 0.308470 , 3.084703 , 0.014900 , 0.149000 , 0.031042 , 0.024833 , 0.031042 , 0.258267 , 0.024833 , 0.000000 , 1.000000 
11/02/2013 00:00, 1.800000 , 221.732896 , 0.142857 , 0.071429 , 0.064516 , 2.334448 , 23.344480 , 0.313387 , 3.133872 , 0.015137 , 0.151375 , 0.031536 , 0.025229 , 0.031536 , 0.262383 , 0.025229 , 0.000000 , 1.000000 
12/02/2013 00:00, 1.800000 , 220.801695 , 0.142857 , 0.071429 , 0.064516 , 2.371074 , 23.710743 , 0.318304 , 3.183041 , 0.015375 , 0.153750 , 0.032031 , 0.025625 , 0.032031 , 0.266500 , 0.025625 , 0.000000 , 1.000000 
13/02/2013 00:00, 1.800000 , 220.509130 , 0.142857 , 0.071429 , 0.064516 , 2.407701 , 24.077007 , 0.323221 , 3.232209 , 0.015613 , 0.156125 , 0.032526 , 0.026021 , 0.032526 , 0.270617 , 0.026021 , 0.000000 , 1.000000 
14/02/2013 00:00, 1.800000 , 219.503020 , 0.142857 , 0.071429 , 0.064516 , 2.444327 , 24.443270 , 0.328138 , 3.281378 , 0.015850 , 0.158500 , 0.033021 , 0.026417 , 0.033021 , 0.274733 , 0.026417 , 0.000000 , 1.000000 
15/02/2013 00:00, 1.800000 , 219.092186 , 0.142857 , 0.071429 , 0.064516 , 2.480953 , 24.809534 , 0.333055 , 3.330547 , 0.016087 , 0.160875 , 0.033516 , 0.026813 , 0.033516 , 0.278850 , 0.026813 , 0.000000 , 1.000000 
16/02/2013 00:00, 1.800000 , 219.345661 , 0.142857 , 0.071429 , 0.064516 , 2.517580 , 25.175797 , 0.337972 , 3.379716 , 0.016325 , 0.163250 , 0.034010 , 0.027208 , 0.034010 , 0.282967 , 0.027208 , 0.000000 , 1.000000 
17/02/2013 00:00, 1.800000 , 219.178285 , 0.142857 , 0.071429 , 0.064516 , 2.554206 , 25.542061 , 0.342889 , 3.428885 , 0.016563 , 0.165625 , 0.034505 , 0.027604 , 0.034505 , 0.287083 , 0.027604 , 0.000000 , 1.000000 
18/02/2013 00:00, 1.800000 , 219.975766 , 0.142857 , 0.071429 , 0.064516 , 2.590832 , 25.908324 , 0.347805 , 3.478054 , 0.016800 , 0.168000 , 0.035000 , 0.028000 , 0.035000 , 0.291200 , 0.028000 , 0.000000 , 1.000000 
19/02/2013 00:00, 1.800000 , 220.233009 , 0.142857 , 0.071429 , 0.064516 , 2.569628 , 25.696277 , 0.344959 , 3.449588 , 0.016663 , 0.166625 , 0.034714 , 0.027771 , 0.034714 , 0.288817 , 0.027771 , 0.000000 , 1.000000 
20/02/2013 00:00, 1.800000 , 220.254160 , 0.142857 , 0.071429 , 0.064516 , 2.548423 , 25.484230 , 0.342112 , 3.421122 , 0.016525 , 0.165250 , 0.034427 , 0.027542 , 0.034427 , 0.286433 , 0.027542 , 0.000000 , 1.000000 
21/02/2013 00:00, 1.800000 , 219.526320 , 0.142857 , 0.071429 , 0.064516 , 2.527218 , 25.272182 , 0.339266 , 3.392655 , 0.016387 , 0.163875 , 0.034141 , 0.027312 , 0.034141 , 0.284050 , 0.027312 , 0.000000 , 1.000000 
22/02/2013 00:00, 1.800000 , 218.235869 , 0.142857 , 0.071429 , 0.064516 , 2.506014 , 25.060135 , 0.336419 , 3.364189 , 0.016250 , 0.162500 , 0.033854 , 0.027083 , 0.033854 , 0.281667 , 0.027083 , 0.000000 , 1.000000 
23/02/2013 00:00, 1.800000 , 218.322754 , 0.142857 , 0.071429 , 0.064516 , 2.484809 , 24.848088 , 0.333572 , 3.335723 , 0.016113 , 0.161125 , 0.033568 , 0.026854 , 0.033568 , 0.279283 , 0.026854 , 0.000000 , 1.000000 
24/02/2013 00:00, 1.800000 , 218.633469 , 0.142857 , 0.071429 , 0.064516 , 2.463604 , 24.636041 , 0.330726 , 3.307257 , 0.015975 , 0.159750 , 0.033281 , 0.026625 , 0.033281 , 0.276900 , 0.026625 , 0.000000 , 1.000000 
25/02/2013 00:00, 1.800000 , 218.911616 , 0.142857 , 0.071429 , 0.064516 , 2.442399 , 24.423993 , 0.327879 , 3.278791 , 0.015837 , 0.158375 , 0.032995 , 0.026396 , 0.032995 , 0.274517 , 0.026396 , 0.000000 , 1.000000 
26/02/2013 00:00, 1.800000 , 220.088456 , 0.142857 , 0.071429 , 0.064516 , 2.421195 , 24.211946 , 0.325032 , 3.250324 , 0.015700 , 0.157000 , 0.032708 , 0.026167 , 0.032708 , 0.272133 , 0.026167 , 0.000000 , 1.000000 
27/02/2013 00:00, 1.800000 , 220.472737 , 0.142857 , 0.071429 , 0.064516 , 2.422158 , 24.221584 , 0.325162 , 3.251618 , 0.015706 , 0.157062 , 0.032721 , 0.026177 , 0.032721 , 0.272242 , 0.026177 , 0.000000 , 1.000000 
28/02/2013 00:00, 1.800000 , 220.674809 , 0.142857 , 0.071429 , 0.064516 , 2.423122 , 24.231223 , 0.325291 , 3.252912 , 0.015712 , 0.157125 , 0.032734 , 0.026188 , 0.032734 , 0.272350 , 0.026188 , 0.000000 , 1.000000 
01/03/2013 00:00, 1.800000 , 219.947674 , 0.142857 , 0.071429 , 0.064516 , 2.424086 , 24.240861 , 0.325421 , 3.254206 , 0.015719 , 0.157187 , 0.032747 , 0.026198 , 0.032747 , 0.272458 , 0.026198 , 0.000000 , 1.000000 
02/03/2013 00:00, 1.800000 , 219.028915 , 0.142857 , 0.071429 , 0.064516 , 2.425050 , 24.250500 , 0.325550 , 3.255500 , 0.015725 , 0.157250 , 0.032760 , 0.026208 , 0.032760 , 0.272567 , 0.026208 , 0.000000 , 1.000000 
03/03/2013 00:00, 1.800000 , 219.490708 , 0.142857 , 0.071429 , 0.064516 , 2.426014 , 24.260139 , 0.325679 , 3.256794 , 0.015731 , 0.157313 , 0.032773 , 0.026219 , 0.032773 , 0.272675 , 0.026219 , 0.000000 , 1.000000 
04/03/2013 00:00, 1.800000 , 217.894668 , 0.142857 , 0.071429 , 0.064516 , 2.426978 , 24.269777 , 0.325809 , 3.258088 , 0.015737 , 0.157375 , 0.032786 , 0.026229 , 0.032786 , 0.272783 , 0.026229 , 0.000000 , 1.000000 
05/03/2013 00:00, 1.800000 , 216.702275 , 0.142857 , 0.071429 , 0.064516 , 2.427942 , 24.279416 , 0.325938 , 3.259382 , 0.015744 , 0.157438 , 0.032799 , 0.026240 , 0.032799 , 0.272892 , 0.026240 , 0.000000 , 1.000000 
06/03/2013 00:00, 1.800000 , 216.519874 , 0.142857 , 0.071429 , 0.064516 , 2.428905 , 24.289054 , 0.326068 , 3.260676 , 0.015750 , 0.157500 , 0.032813 , 0.026250 , 0.032813 , 0.273000 , 0.026250 , 0.000000 , 1.000000 
07/03/2013 00:00, 1.800000 , 217.382756 , 0.142857 , 0.071429 , 0.064516 , 2.429869 , 24.298693 , 0.326197 , 3.261970 , 0.015756 , 0.157562 , 0.032826 , 0.026260 , 0.032826 , 0.273108 , 0.026260 , 0.000000 , 1.000000 
08/03/2013 00:00, 1.800000 , 218.021995 , 0.142857 , 0.071429 , 0.064516 , 2.430833 , 24.308331 , 0.326326 , 3.263264 , 0.015763 , 0.157625 , 0.032839 , 0.026271 , 0.032839 , 0.273217 , 0.026271 , 0.000000 , 1.000000 
09/03/2013 00:00, 1.800000 , 218.450453 , 0.142857 , 0.071429 , 0.064516 , 2.431797 , 24.317970 , 0.326456 , 3.264557 , 0.015769 , 0.157688 , 0.032852 , 0.026281 , 0.032852 , 0.273325 , 0.026281 , 0.000000 , 1.000000 
10/03/2013 00:00, 1.800000 , 218.488046 , 0.142857 , 0.071429 , 0.064516 , 2.432761 , 24.327608 , 0.326585 , 3.265851 , 0.015775 , 0.157750 , 0.032865 , 0.026292 , 0.032865 , 0.273433 , 0.026292 , 0.000000 , 1.000000 
11/03/2013 00:00, 1.800000 , 217.784694 , 0.142857 , 0.071429 , 0.064516 , 2.433725 , 24.337247 , 0.326715 , 3.267145 , 0.015781 , 0.157812 , 0.032878 , 0.026302 , 0.032878 , 0.273542 , 0.026302 , 0.000000 , 1.000000 
12/03/2013 00:00, 1.800000 , 218.152793 , 0.142857 , 0.071429 , 0.064516 , 2.434689 , 24.346885 , 0.326844 , 3.268439 , 0.015788 , 0.157875 , 0.032891 , 0.026313 , 0.032891 , 0.273650 , 0.026313 , 0.000000 , 1.000000 
13/03/2013 00:00, 1.800000 , 219.560503 , 0.142857 , 0.071429 , 0.064516 , 2.435652 , 24.356524 , 0.326973 , 3.269733 , 0.015794 , 0.157938 , 0.032904 , 0.026323 , 0.032904 , 0.273758 , 0.026323 , 0.000000 , 1.000000 
14/03/2013 00:00, 1.800000 , 220.427098 , 0.142857 , 0.071429 , 0.064516 , 2.436616 , 24.366162 , 0.327103 , 3.271027 , 0.015800 , 0.158000 , 0.032917 , 0.026333 , 0.032917 , 0.273867 , 0.026333 , 0.000000 , 1.000000 
15/03/2013 00:00, 1.800000 , 219.786078 , 0.142857 , 0.071429 , 0.064516 , 2.440472 , 24.404716 , 0.327620 , 3.276203 , 0.015825 , 0.158250 , 0.032969 , 0.026375 , 0.032969 , 0.274300 , 0.026375 , 0.000000 , 1.000000 
16/03/2013 00:00, 1.800000 , 218.838390 , 0.142857 , 0.071429 , 0.064516 , 2.444327 , 24.443270 , 0.328138 , 3.281378 , 0.015850 , 0.158500 , 0.033021 , 0.026417 , 0.033021 , 0.274733 , 0.026417 , 0.000000 , 1.000000 
17/03/2013 00:00, 1.800000 , 219.171081 , 0.142857 , 0.071429 , 0.064516 , 2.448182 , 24.481824 , 0.328655 , 3.286554 , 0.015875 , 0.158750 , 0.033073 , 0.026458 , 0.033073 , 0.275167 , 0.026458 , 0.000000 , 1.000000 
18/03/2013 00:00, 1.800000 , 218.591854 , 0.142857 , 0.071429 , 0.064516 , 2.452038 , 24.520378 , 0.329173 , 3.291730 , 0.015900 , 0.159000 , 0.033125 , 0.026500 , 0.033125 , 0.275600 , 0.026500 , 0.000000 , 1.000000 
19/03/2013 00:00, 1.800000 , 218.226537 , 0.142857 , 0.071429 , 0.064516 , 2.455893 , 24.558932 , 0.329691 , 3.296905 , 0.015925 , 0.159250 , 0.033177 , 0.026542 , 0.033177 , 0.276033 , 0.026542 , 0.000000 , 1.000000 
20/03/2013 00:00, 1.800000 , 218.304549 , 0.142857 , 0.071429 , 0.064516 , 2.459749 , 24.597486 , 0.330208 , 3.302081 , 0.015950 , 0.159500 , 0.033229 , 0.026583 , 0.033229 , 0.276467 , 0.026583 , 0.000000 , 1.000000 
21/03/2013 00:00, 1.800000 , 218.510468 , 0.142857 , 0.071429 , 0.064516 , 2.463604 , 24.636041 , 0.330726 , 3.307257 , 0.015975 , 0.159750 , 0.033281 , 0.026625 , 0.033281 , 0.276900 , 0.026625 , 0.000000 , 1.000000 
22/03/2013 00:00, 1.800000 , 218.921418 , 0.142857 , 0.071429 , 0.064516 , 2.467459 , 24.674595 , 0.331243 , 3.312432 , 0.016000 , 0.160000 , 0.033333 , 0.026667 , 0.033333 , 0.277333 , 0.026667 , 0.000000 , 1.000000 
23/03/2013 00:00, 1.800000 , 219.391217 , 0.142857 , 0.071429 , 0.064516 , 2.459749 , 24.597486 , 0.330208 , 3.302081 , 0.015950 , 0.159500 , 0.033229 , 0.026583 , 0.033229 , 0.276467 , 0.026583 , 0.000000 , 1.000000 
24/03/2013 00:00, 1.800000 , 219.598345 , 0.142857 , 0.071429 , 0.064516 , 2.452038 , 24.520378 , 0.329173 , 3.291730 , 0.015900 , 0.159000 , 0.033125 , 0.026500 , 0.033125 , 0.275600 , 0.026500 , 0.000000 , 1.000000 
25/03/2013 00:00, 1.800000 , 219.535660 , 0.142857 , 0.071429 , 0.064516 , 2.444327 , 24.443270 , 0.328138 , 3.281378 , 0.015850 , 0.158500 , 0.033021 , 0.026417 , 0.033021 , 0.274733 , 0.026417 , 0.000000 , 1.000000 
26/03/2013 00:00, 1.800000 , 219.961894 , 0.142857 , 0.071429 , 0.064516 , 2.436616 , 24.366162 , 0.327103 , 3.271027 , 0.015800 , 0.158000 , 0.032917 , 0.026333 , 0.032917 , 0.273867 , 0.026333 , 0.000000 , 1.000000 
27/03/2013 00:00, 1.800000 , 220.821162 , 0.142857 , 0.071429 , 0.064516 , 2.428905 , 24.289054 , 0.326068 , 3.260676 , 0.015750 , 0.157500 , 0.032813 , 0.026250 , 0.032813 , 0.273000 , 0.026250 , 0.000000 , 1.000000 
28/03/2013 00:00, 1.800000 , 221.402340 , 0.142857 , 0.071429 , 0.064516 , 2.421195 , 24.211946 , 0.325032 , 3.250324 , 0.015700 , 0.157000 , 0.032708 , 0.026167 , 0.032708 , 0.272133 , 0.026167 , 0.000000 , 1.000000 
29/03/2013 00:00, 1.800000 , 221.777443 , 0.142857 , 0.071429 , 0.064516 , 2.413484 , 24.134838 , 0.323997 , 3.239973 , 0.015650 , 0.156500 , 0.032604 , 0.026083 , 0.032604 , 0.271267 , 0.026083 , 0.000000 , 1.000000 
30/03/2013 00:00, 1.800000 , 221.793004 , 0.142857 , 0.071429 , 0.064516 , 2.405773 , 24.057730 , 0.322962 , 3.229622 , 0.015600 , 0.156000 , 0.032500 , 0.026000 , 0.032500 , 0.270400 , 0.026000 , 0.000000 , 1.000000 
31/03/2013 00:00, 1.800000 , 221.428964 , 0.142857 , 0.071429 , 0.064516 , 2.446255 , 24.462547 , 0.328397 , 3.283966 , 0.015863 , 0.158625 , 0.033047 , 0.026438 , 0.033047 , 0.274950 , 0.026438 , 0.000000 , 1.000000 
01/04/2013 00:00, 1.800000 , 220.756401 , 0.142857 , 0.071429 , 0.064516 , 2.486736 , 24.867365 , 0.333831 , 3.338311 , 0.016125 , 0.161250 , 0.033594 , 0.026875 , 0.033594 , 0.279500 , 0.026875 , 0.000000 , 1.000000 
02/04/2013 00:00, 1.800000 , 220.481260 , 0.142857 , 0.071429 , 0.064516 , 2.527218 , 25.272182 , 0.339266 , 3.392655 , 0.016387 , 0.163875 , 0.034141 , 0.027312 , 0.034141 , 0.284050 , 0.027312 , 0.000000 , 1.000000 
03/04/2013 00:00, 1.800000 , 220.543253 , 0.142857 , 0.071429 , 0.064516 , 2.567700 , 25.677000 , 0.344700 , 3.447000 , 0.016650 , 0.166500 , 0.034687 , 0.027750 , 0.034687 , 0.288600 , 0.027750 , 0.000000 , 1.000000 
04/04/2013 00:00, 1.800000 , 220.445413 , 0.142857 , 0.071429 , 0.064516 , 2.608182 , 26.081818 , 0.350134 , 3.501345 , 0.016913 , 0.169125 , 0.035234 , 0.028188 , 0.035234 , 0.293150 , 0.028188 , 0.000000 , 1.000000 
05/04/2013 00:00, 1.800000 , 220.164922 , 0.142857 , 0.071429 , 0.064516 , 2.648664 , 26.486635 , 0.355569 , 3.555689 , 0.017175 , 0.171750 , 0.035781 , 0.028625 , 0.035781 , 0.297700 , 0.028625 , 0.000000 , 1.000000 
06/04/2013 00:00, 1.800000 , 219.890425 , 0.142857 , 0.071429 , 0.064516 , 2.689145 , 26.891453 , 0.361003 , 3.610034 , 0.017437 , 0.174375 , 0.036328 , 0.029062 , 0.036328 , 0.302250 , 0.029062 , 0.000000 , 1.000000 
07/04/2013 00:00, 1.800000 , 219.522611 , 0.142857 , 0.071429 , 0.064516 , 2.729627 , 27.296270 , 0.366438 , 3.664378 , 0.017700 , 0.177000 , 0.036875 , 0.029500 , 0.036875 , 0.306800 , 0.029500 , 0.000000 , 1.000000 
08/04/2013 00:00, 1.800000 , 218.993689 , 0.142857 , 0.071429 , 0.064516 , 2.853000 , 28.530000 , 0.383000 , 3.830000 , 0.018500 , 0.185000 , 0.038542 , 0.030833 , 0.038542 , 0.320667 , 0.030833 , 0.000000 , 1.000000 
09/04/2013 00:00, 1.800000 , 218.860438 , 0.142857 , 0.071429 , 0.064516 , 2.976373 , 29.763730 , 0.399562 , 3.995622 , 0.019300 , 0.193000 , 0.040208 , 0.032167 , 0.040208 , 0.334533 , 0.032167 , 0.000000 , 1.000000 
10/04/2013 00:00, 1.800000 , 218.990181 , 0.142857 , 0.071429 , 0.064516 , 3.099746 , 30.997459 , 0.416124 , 4.161243 , 0.020100 , 0.201000 , 0.041875 , 0.033500 , 0.041875 , 0.348400 , 0.033500 , 0.000000 , 1.000000 
11/04/2013 00:00, 1.800000 , 218.639716 , 0.142857 , 0.071429 , 0.064516 , 3.223119 , 32.231189 , 0.432686 , 4.326865 , 0.020900 , 0.209000 , 0.043542 , 0.034833 , 0.043542 , 0.362267 , 0.034833 , 0.000000 , 1.000000 
12/04/2013 00:00, 1.800000 , 218.339864 , 0.142857 , 0.071429 , 0.064516 , 3.346492 , 33.464919 , 0.449249 , 4.492486 , 0.021700 , 0.217000 , 0.045208 , 0.036167 , 0.045208 , 0.376133 , 0.036167 , 0.000000 , 1.000000 
13/04/2013 00:00, 1.800000 , 218.069266 , 0.142857 , 0.071429 , 0.064516 , 3.469865 , 34.698649 , 0.465811 , 4.658108 , 0.022500 , 0.225000 , 0.046875 , 0.037500 , 0.046875 , 0.390000 , 0.037500 , 0.000000 , 1.000000 
14/04/2013 00:00, 1.800000 , 218.281555 , 0.142857 , 0.071429 , 0.064516 , 3.593238 , 35.932378 , 0.482373 , 4.823730 , 0.023300 , 0.233000 , 0.048542 , 0.038833 , 0.048542 , 0.403867 , 0.038833 , 0.000000 , 1.000000 
15/04/2013 00:00, 1.800000 , 218.195202 , 0.142857 , 0.071429 , 0.064516 , 3.716611 , 37.166108 , 0.498935 , 4.989351 , 0.024100 , 0.241000 , 0.050208 , 0.040167 , 0.050208 , 0.417733 , 0.040167 , 0.000000 , 1.000000 
16/04/2013 00:00, 1.800000 , 217.740109 , 0.142857 , 0.071429 , 0.064516 , 3.687695 , 36.876953 , 0.495053 , 4.950534 , 0.023912 , 0.239125 , 0.049818 , 0.039854 , 0.049818 , 0.414483 , 0.039854 , 0.000000 , 1.000000 
17/04/2013 00:00, 1.800000 , 217.105391 , 0.142857 , 0.071429 , 0.064516 , 3.658780 , 36.587797 , 0.491172 , 4.911716 , 0.023725 , 0.237250 , 0.049427 , 0.039542 , 0.049427 , 0.411233 , 0.039542 , 0.000000 , 1.000000 
18/04/2013 00:00, 1.800000 , 216.773238 , 0.142857 , 0.071429 , 0.064516 , 3.629864 , 36.298642 , 0.487290 , 4.872899 , 0.023537 , 0.235375 , 0.049036 , 0.039229 , 0.049036 , 0.407983 , 0.039229 , 0.000000 , 1.000000 
19/04/2013 00:00, 1.800000 , 216.398571 , 0.142857 , 0.071429 , 0.064516 , 3.600949 , 36.009486 , 0.483408 , 4.834081 , 0.023350 , 0.233500 , 0.048646 , 0.038917 , 0.048646 , 0.404733 , 0.038917 , 0.000000 , 1.000000 
20/04/2013 00:00, 1.800000 , 215.981737 , 0.142857 , 0.071429 , 0.064516 , 3.572033 , 35.720331 , 0.479526 , 4.795264 , 0.023163 , 0.231625 , 0.048255 , 0.038604 , 0.048255 , 0.401483 , 0.038604 , 0.000000 , 1.000000 
21/04/2013 00:00, 1.800000 , 216.143122 , 0.142857 , 0.071429 , 0.064516 , 3.543118 , 35.431176 , 0.475645 , 4.756446 , 0.022975 , 0.229750 , 0.047865 , 0.038292 , 0.047865 , 0.398233 , 0.038292 , 0.000000 , 1.000000 
22/04/2013 00:00, 1.800000 , 216.440508 , 0.142857 , 0.071429 , 0.064516 , 3.514202 , 35.142020 , 0.471763 , 4.717628 , 0.022787 , 0.227875 , 0.047474 , 0.037979 , 0.047474 , 0.394983 , 0.037979 , 0.000000 , 1.000000 
23/04/2013 00:00, 1.800000 , 216.718895 , 0.142857 , 0.071429 , 0.064516 , 3.485286 , 34.852865 , 0.467881 , 4.678811 , 0.022600 , 0.226000 , 0.047083 , 0.037667 , 0.047083 , 0.391733 , 0.037667 , 0.000000 , 1.000000 
24/04/2013 00:00, 1.800000 , 217.106031 , 0.142857 , 0.071429 , 0.064516 , 3.556611 , 35.566115 , 0.477456 , 4.774561 , 0.023062 , 0.230625 , 0.048047 , 0.038438 , 0.048047 , 0.399750 , 0.038438 , 0.000000 , 1.000000 
25/04/2013 00:00, 1.800000 , 217.358468 , 0.142857 , 0.071429 , 0.064516 , 3.627936 , 36.279365 , 0.487031 , 4.870311 , 0.023525 , 0.235250 , 0.049010 , 0.039208 , 0.049010 , 0.407767 , 0.039208 , 0.000000 , 1.000000 
26/04/2013 00:00, 1.800000 , 217.386504 , 0.142857 , 0.071429 , 0.064516 , 3.699261 , 36.992615 , 0.496606 , 4.966061 , 0.023988 , 0.239875 , 0.049974 , 0.039979 , 0.049974 , 0.415783 , 0.039979 , 0.000000 , 1.000000 
27/04/2013 00:00, 1.800000 , 217.388000 , 0.142857 , 0.071429 , 0.064516 , 3.770586 , 37.705865 , 0.506181 , 5.061811 , 0.024450 , 0.244500 , 0.050937 , 0.040750 , 0.050937 , 0.423800 , 0.040750 , 0.000000 , 1.000000 
28/04/2013 00:00, 1.800000 , 217.661679 , 0.142857 , 0.071429 , 0.064516 , 3.841911 , 38.419115 , 0.515756 , 5.157561 , 0.024912 , 0.249125 , 0.051901 , 0.041521 , 0.051901 , 0.431817 , 0.041521 , 0.000000 , 1.000000 
29/04/2013 00:00, 1.800000 , 217.830536 , 0.142857 , 0.071429 , 0.064516 , 3.913236 , 39.132365 , 0.525331 , 5.253311 , 0.025375 , 0.253750 , 0.052865 , 0.042292 , 0.052865 , 0.439833 , 0.042292 , 0.000000 , 1.000000 
30/04/2013 00:00, 1.800000 , 217.943821 , 0.142857 , 0.071429 , 0.064516 , 3.984561 , 39.845615 , 0.534906 , 5.349061 , 0.025838 , 0.258375 , 0.053828 , 0.043063 , 0.053828 , 0.447850 , 0.043063 , 0.000000 , 1.000000 
01/05/2013 00:00, 1.800000 , 218.575713 , 0.142857 , 0.071429 , 0.064516 , 4.055886 , 40.558865 , 0.544481 , 5.444811 , 0.026300 , 0.263000 , 0.054792 , 0.043833 , 0.054792 , 0.455867 , 0.043833 , 0.000000 , 1.000000 
02/05/2013 00:00, 1.800000 , 218.396606 , 0.142857 , 0.071429 , 0.064516 , 4.001911 , 40.019108 , 0.537235 , 5.372351 , 0.025950 , 0.259500 , 0.054063 , 0.043250 , 0.054063 , 0.449800 , 0.043250 , 0.000000 , 1.000000 
03/05/2013 00:00, 1.800000 , 218.020699 , 0.142857 , 0.071429 , 0.064516 , 3.947935 , 39.479351 , 0.529989 , 5.299892 , 0.025600 , 0.256000 , 0.053333 , 0.042667 , 0.053333 , 0.443733 , 0.042667 , 0.000000 , 1.000000 
04/05/2013 00:00, 1.800000 , 218.052991 , 0.142857 , 0.071429 , 0.064516 , 3.893959 , 38.939595 , 0.522743 , 5.227432 , 0.025250 , 0.252500 , 0.052604 , 0.042083 , 0.052604 , 0.437667 , 0.042083 , 0.000000 , 1.000000 
05/05/2013 00:00, 1.800000 , 218.131549 , 0.142857 , 0.071429 , 0.064516 , 3.839984 , 38.399838 , 0.515497 , 5.154973 , 0.024900 , 0.249000 , 0.051875 , 0.041500 , 0.051875 , 0.431600 , 0.041500 , 0.000000 , 1.000000 
06/05/2013 00:00, 1.800000 , 218.292220 , 0.142857 , 0.071429 , 0.064516 , 3.786008 , 37.860081 , 0.508251 , 5.082514 , 0.024550 , 0.245500 , 0.051146 , 0.040917 , 0.051146 , 0.425533 , 0.040917 , 0.000000 , 1.000000 
07/05/2013 00:00, 1.800000 , 218.412336 , 0.142857 , 0.071429 , 0.064516 , 3.732032 , 37.320324 , 0.501005 , 5.010054 , 0.024200 , 0.242000 , 0.050417 , 0.040333 , 0.050417 , 0.419467 , 0.040333 , 0.000000 , 1.000000 
08/05/2013 00:00, 1.800000 , 218.869112 , 0.142857 , 0.071429 , 0.064516 , 3.678057 , 36.780568 , 0.493759 , 4.937595 , 0.023850 , 0.238500 , 0.049687 , 0.039750 , 0.049687 , 0.413400 , 0.039750 , 0.000000 , 1.000000 
09/05/2013 00:00, 1.800000 , 219.367173 , 0.142857 , 0.071429 , 0.064516 , 3.624081 , 36.240811 , 0.486514 , 4.865135 , 0.023500 , 0.235000 , 0.048958 , 0.039167 , 0.048958 , 0.407333 , 0.039167 , 0.000000 , 1.000000 
10/05/2013 00:00, 1.800000 , 219.631637 , 0.142857 , 0.071429 , 0.064516 , 3.780225 , 37.802250 , 0.507475 , 5.074750 , 0.024513 , 0.245125 , 0.051068 , 0.040854 , 0.051068 , 0.424883 , 0.040854 , 0.000000 , 1.000000 
11/05/2013 00:00, 1.800000 , 220.315820 , 0.142857 , 0.071429 , 0.064516 , 3.936369 , 39.363689 , 0.528436 , 5.284365 , 0.025525 , 0.255250 , 0.053177 , 0.042542 , 0.053177 , 0.442433 , 0.042542 , 0.000000 , 1.000000 
12/05/2013 00:00, 1.800000 , 220.260105 , 0.142857 , 0.071429 , 0.064516 , 4.092513 , 40.925128 , 0.549398 , 5.493980 , 0.026537 , 0.265375 , 0.055286 , 0.044229 , 0.055286 , 0.459983 , 0.044229 , 0.000000 , 1.000000 
13/05/2013 00:00, 1.800000 , 219.771120 , 0.142857 , 0.071429 , 0.064516 , 4.248657 , 42.486568 , 0.570359 , 5.703595 , 0.027550 , 0.275500 , 0.057396 , 0.045917 , 0.057396 , 0.477533 , 0.045917 , 0.000000 , 1.000000 
14/05/2013 00:00, 1.800000 , 219.959125 , 0.142857 , 0.071429 , 0.064516 , 4.404801 , 44.048007 , 0.591321 , 5.913209 , 0.028563 , 0.285625 , 0.059505 , 0.047604 , 0.059505 , 0.495083 , 0.047604 , 0.000000 , 1.000000 
15/05/2013 00:00, 1.800000 , 221.643870 , 0.142857 , 0.071429 , 0.064516 , 4.560945 , 45.609446 , 0.612282 , 6.122824 , 0.029575 , 0.295750 , 0.061615 , 0.049292 , 0.061615 , 0.512633 , 0.049292 , 0.000000 , 1.000000 
16/05/2013 00:00, 1.800000 , 220.215148 , 0.142857 , 0.071429 , 0.064516 , 4.717089 , 47.170885 , 0.633244 , 6.332439 , 0.030588 , 0.305875 , 0.063724 , 0.050979 , 0.063724 , 0.530183 , 0.050979 , 0.000000 , 1.000000 
17/05/2013 00:00, 1.800000 , 220.792077 , 0.142857 , 0.071429 , 0.064516 , 4.873232 , 48.732324 , 0.654205 , 6.542054 , 0.031600 , 0.316000 , 0.065833 , 0.052667 , 0.065833 , 0.547733 , 0.052667 , 0.000000 , 1.000000 
18/05/2013 00:00, 1.800000 , 221.030942 , 0.142857 , 0.071429 , 0.064516 , 4.888654 , 48.886541 , 0.656276 , 6.562757 , 0.031700 , 0.317000 , 0.066042 , 0.052833 , 0.066042 , 0.549467 , 0.052833 , 0.000000 , 1.000000 
19/05/2013 00:00, 1.800000 , 220.084688 , 0.142857 , 0.071429 , 0.064516 , 4.904076 , 49.040757 , 0.658346 , 6.583459 , 0.031800 , 0.318000 , 0.066250 , 0.053000 , 0.066250 , 0.551200 , 0.053000 , 0.000000 , 1.000000 
20/05/2013 00:00, 1.800000 , 222.124900 , 0.142857 , 0.071429 , 0.064516 , 4.919497 , 49.194973 , 0.660416 , 6.604162 , 0.031900 , 0.319000 , 0.066458 , 0.053167 , 0.066458 , 0.552933 , 0.053167 , 0.000000 , 1.000000 
21/05/2013 00:00, 1.800000 , 220.860103 , 0.142857 , 0.071429 , 0.064516 , 4.934919 , 49.349189 , 0.662486 , 6.624865 , 0.032000 , 0.320000 , 0.066667 , 0.053333 , 0.066667 , 0.554667 , 0.053333 , 0.000000 , 1.000000 
22/05/2013 00:00, 1.800000 , 220.948631 , 0.142857 , 0.071429 , 0.064516 , 4.950341 , 49.503405 , 0.664557 , 6.645568 , 0.032100 , 0.321000 , 0.066875 , 0.053500 , 0.066875 , 0.556400 , 0.053500 , 0.000000 , 1.000000 
23/05/2013 00:00, 1.800000 , 222.359586 , 0.142857 , 0.071429 , 0.064516 , 4.965762 , 49.657622 , 0.666627 , 6.666270 , 0.032200 , 0.322000 , 0.067083 , 0.053667 , 0.067083 , 0.558133 , 0.053667 , 0.000000 , 1.000000 
24/05/2013 00:00, 1.800000 , 221.887187 , 0.142857 , 0.071429 , 0.064516 , 4.981184 , 49.811838 , 0.668697 , 6.686973 , 0.032300 , 0.323000 , 0.067292 , 0.053833 , 0.067292 , 0.559867 , 0.053833 , 0.000000 , 1.000000 
25/05/2013 00:00, 1.800000 , 221.206739 , 0.142857 , 0.071429 , 0.064516 , 4.996605 , 49.966054 , 0.670768 , 6.707676 , 0.032400 , 0.324000 , 0.067500 , 0.054000 , 0.067500 , 0.561600 , 0.054000 , 0.000000 , 1.000000 
26/05/2013 00:00, 1.800000 , 220.527852 , 0.142857 , 0.071429 , 0.064516 , 4.936847 , 49.368466 , 0.662745 , 6.627453 , 0.032013 , 0.320125 , 0.066693 , 0.053354 , 0.066693 , 0.554883 , 0.053354 , 0.000000 , 1.000000 
27/05/2013 00:00, 1.800000 , 219.417624 , 0.142857 , 0.071429 , 0.064516 , 4.877088 , 48.770878 , 0.654723 , 6.547230 , 0.031625 , 0.316250 , 0.065885 , 0.052708 , 0.065885 , 0.548167 , 0.052708 , 0.000000 , 1.000000 
28/05/2013 00:00, 1.800000 , 218.677882 , 0.142857 , 0.071429 , 0.064516 , 4.817329 , 48.173291 , 0.646701 , 6.467007 , 0.031238 , 0.312375 , 0.065078 , 0.052063 , 0.065078 , 0.541450 , 0.052063 , 0.000000 , 1.000000 
29/05/2013 00:00, 1.800000 , 218.540151 , 0.142857 , 0.071429 , 0.064516 , 4.757570 , 47.575703 , 0.638678 , 6.386784 , 0.030850 , 0.308500 , 0.064271 , 0.051417 , 0.064271 , 0.534733 , 0.051417 , 0.000000 , 1.000000 
30/05/2013 00:00, 1.800000 , 218.633697 , 0.142857 , 0.071429 , 0.064516 , 4.697811 , 46.978115 , 0.630656 , 6.306561 , 0.030462 , 0.304625 , 0.063464 , 0.050771 , 0.063464 , 0.528017 , 0.050771 , 0.000000 , 1.000000 
31/05/2013 00:00, 1.800000 , 220.366135 , 0.142857 , 0.071429 , 0.064516 , 4.638053 , 46.380527 , 0.622634 , 6.226338 , 0.030075 , 0.300750 , 0.062656 , 0.050125 , 0.062656 , 0.521300 , 0.050125 , 0.000000 , 1.000000 
01/06/2013 00:00, 1.800000 , 222.157146 , 0.142857 , 0.071429 , 0.064516 , 4.578294 , 45.782939 , 0.614611 , 6.146115 , 0.029687 , 0.296875 , 0.061849 , 0.049479 , 0.061849 , 0.514583 , 0.049479 , 0.000000 , 1.000000 
02/06/2013 00:00, 1.800000 , 221.525120 , 0.142857 , 0.071429 , 0.064516 , 4.518535 , 45.185351 , 0.606589 , 6.065892 , 0.029300 , 0.293000 , 0.061042 , 0.048833 , 0.061042 , 0.507867 , 0.048833 , 0.000000 , 1.000000 
03/06/2013 00:00, 1.800000 , 221.413136 , 0.142857 , 0.071429 , 0.064516 , 4.636125 , 46.361250 , 0.622375 , 6.223750 , 0.030062 , 0.300625 , 0.062630 , 0.050104 , 0.062630 , 0.521083 , 0.050104 , 0.000000 , 1.000000 
04/06/2013 00:00, 1.800000 , 221.455674 , 0.142857 , 0.071429 , 0.064516 , 4.753715 , 47.537149 , 0.638161 , 6.381608 , 0.030825 , 0.308250 , 0.064219 , 0.051375 , 0.064219 , 0.534300 , 0.051375 , 0.000000 , 1.000000 
05/06/2013 00:00, 1.800000 , 224.042481 , 0.142857 , 0.071429 , 0.064516 , 4.871305 , 48.713047 , 0.653947 , 6.539466 , 0.031587 , 0.315875 , 0.065807 , 0.052646 , 0.065807 , 0.547517 , 0.052646 , 0.000000 , 1.000000 
06/06/2013 00:00, 1.800000 , 223.834854 , 0.142857 , 0.071429 , 0.064516 , 4.988895 , 49.888946 , 0.669732 , 6.697324 , 0.032350 , 0.323500 , 0.067396 , 0.053917 , 0.067396 , 0.560733 , 0.053917 , 0.000000 , 1.000000 
07/06/2013 00:00, 1.800000 , 222.836723 , 0.142857 , 0.071429 , 0.064516 , 5.106484 , 51.064845 , 0.685518 , 6.855182 , 0.033113 , 0.331125 , 0.068984 , 0.055188 , 0.068984 , 0.573950 , 0.055188 , 0.000000 , 1.000000 
08/06/2013 00:00, 1.800000 , 222.606243 , 0.142857 , 0.071429 , 0.064516 , 5.224074 , 52.240743 , 0.701304 , 7.013041 , 0.033875 , 0.338750 , 0.070573 , 0.056458 , 0.070573 , 0.587167 , 0.056458 , 0.000000 , 1.000000 
09/06/2013 00:00, 1.800000 , 223.021820 , 0.142857 , 0.071429 , 0.064516 , 5.341664 , 53.416642 , 0.717090 , 7.170899 , 0.034638 , 0.346375 , 0.072161 , 0.057729 , 0.072161 , 0.600383 , 0.057729 , 0.000000 , 1.000000 
10/06/2013 00:00, 1.800000 , 223.271495 , 0.142857 , 0.071429 , 0.064516 , 5.459254 , 54.592541 , 0.732876 , 7.328757 , 0.035400 , 0.354000 , 0.073750 , 0.059000 , 0.073750 , 0.613600 , 0.059000 , 0.000000 , 1.000000 
11/06/2013 00:00, 1.800000 , 223.829725 , 0.142857 , 0.071429 , 0.064516 , 5.530579 , 55.305791 , 0.742451 , 7.424507 , 0.035862 , 0.358625 , 0.074714 , 0.059771 , 0.074714 , 0.621617 , 0.059771 , 0.000000 , 1.000000 
12/06/2013 00:00, 1.800000 , 223.680367 , 0.142857 , 0.071429 , 0.064516 , 5.601904 , 56.019041 , 0.752026 , 7.520257 , 0.036325 , 0.363250 , 0.075677 , 0.060542 , 0.075677 , 0.629633 , 0.060542 , 0.000000 , 1.000000 
13/06/2013 00:00, 1.800000 , 224.525414 , 0.142857 , 0.071429 , 0.064516 , 5.673229 , 56.732291 , 0.761601 , 7.616007 , 0.036788 , 0.367875 , 0.076641 , 0.061312 , 0.076641 , 0.637650 , 0.061312 , 0.000000 , 1.000000 
14/06/2013 00:00, 1.800000 , 223.983217 , 0.142857 , 0.071429 , 0.064516 , 5.744554 , 57.445541 , 0.771176 , 7.711757 , 0.037250 , 0.372500 , 0.077604 , 0.062083 , 0.077604 , 0.645667 , 0.062083 , 0.000000 , 1.000000 
15/06/2013 00:00, 1.800000 , 224.067196 , 0.142857 , 0.071429 , 0.064516 , 5.815879 , 58.158791 , 0.780751 , 7.807507 , 0.037712 , 0.377125 , 0.078568 , 0.062854 , 0.078568 , 0.653683 , 0.062854 , 0.000000 , 1.000000 
16/06/2013 00:00, 1.800000 , 223.828299 , 0.142857 , 0.071429 , 0.064516 , 5.887204 , 58.872041 , 0.790326 , 7.903257 , 0.038175 , 0.381750 , 0.079531 , 0.063625 , 0.079531 , 0.661700 , 0.063625 , 0.000000 , 1.000000 
17/06/2013 00:00, 1.800000 , 223.158829 , 0.142857 , 0.071429 , 0.064516 , 5.958529 , 59.585291 , 0.799901 , 7.999007 , 0.038638 , 0.386375 , 0.080495 , 0.064396 , 0.080495 , 0.669717 , 0.064396 , 0.000000 , 1.000000 
18/06/2013 00:00, 1.800000 , 223.291657 , 0.142857 , 0.071429 , 0.064516 , 6.029854 , 60.298541 , 0.809476 , 8.094757 , 0.039100 , 0.391000 , 0.081458 , 0.065167 , 0.081458 , 0.677733 , 0.065167 , 0.000000 , 1.000000 
19/06/2013 00:00, 1.800000 , 222.410126 , 0.142857 , 0.071429 , 0.064516 , 6.108890 , 61.088899 , 0.820086 , 8.200858 , 0.039612 , 0.396125 , 0.082526 , 0.066021 , 0.082526 , 0.686617 , 0.066021 , 0.000000 , 1.000000 
20/06/2013 00:00, 1.800000 , 223.609985 , 0.142857 , 0.071429 , 0.064516 , 6.187926 , 61.879257 , 0.830696 , 8.306959 , 0.040125 , 0.401250 , 0.083594 , 0.066875 , 0.083594 , 0.695500 , 0.066875 , 0.000000 , 1.000000 
21/06/2013 00:00, 1.800000 , 224.938495 , 0.142857 , 0.071429 , 0.064516 , 6.266961 , 62.669615 , 0.841306 , 8.413061 , 0.040638 , 0.406375 , 0.084661 , 0.067729 , 0.084661 , 0.704383 , 0.067729 , 0.000000 , 1.000000 
22/06/2013 00:00, 1.800000 , 223.555136 , 0.142857 , 0.071429 , 0.064516 , 6.345997 , 63.459973 , 0.851916 , 8.519162 , 0.041150 , 0.411500 , 0.085729 , 0.068583 , 0.085729 , 0.713267 , 0.068583 , 0.000000 , 1.000000 
23/06/2013 00:00, 1.800000 , 223.259553 , 0.142857 , 0.071429 , 0.064516 , 6.425033 , 64.250331 , 0.862526 , 8.625264 , 0.041663 , 0.416625 , 0.086797 , 0.069437 , 0.086797 , 0.722150 , 0.069437 , 0.000000 , 1.000000 
24/06/2013 00:00, 1.800000 , 224.335593 , 0.142857 , 0.071429 , 0.064516 , 6.504069 , 65.040689 , 0.873136 , 8.731365 , 0.042175 , 0.421750 , 0.087865 , 0.070292 , 0.087865 , 0.731033 , 0.070292 , 0.000000 , 1.000000 
25/06/2013 00:00, 1.800000 , 224.216568 , 0.142857 , 0.071429 , 0.064516 , 6.583105 , 65.831047 , 0.883747 , 8.837466 , 0.042687 , 0.426875 , 0.088932 , 0.071146 , 0.088932 , 0.739917 , 0.071146 , 0.000000 , 1.000000 
26/06/2013 00:00, 1.800000 , 224.486585 , 0.142857 , 0.071429 , 0.064516 , 6.662141 , 66.621405 , 0.894357 , 8.943568 , 0.043200 , 0.432000 , 0.090000 , 0.072000 , 0.090000 , 0.748800 , 0.072000 , 0.000000 , 1.000000 
27/06/2013 00:00, 1.800000 , 224.471170 , 0.142857 , 0.071429 , 0.064516 , 6.741176 , 67.411764 , 0.904967 , 9.049669 , 0.043712 , 0.437125 , 0.091068 , 0.072854 , 0.091068 , 0.757683 , 0.072854 , 0.000000 , 1.000000 
28/06/2013 00:00, 1.800000 , 224.459488 , 0.142857 , 0.071429 , 0.064516 , 6.820212 , 68.202122 , 0.915577 , 9.155770 , 0.044225 , 0.442250 , 0.092135 , 0.073708 , 0.092135 , 0.766567 , 0.073708 , 0.000000 , 1.000000 
29/06/2013 00:00, 1.800000 , 223.654653 , 0.142857 , 0.071429 , 0.064516 , 6.899248 , 68.992480 , 0.926187 , 9.261872 , 0.044737 , 0.447375 , 0.093203 , 0.074562 , 0.093203 , 0.775450 , 0.074562 , 0.000000 , 1.000000 
30/06/2013 00:00, 1.800000 , 223.463184 , 0.142857 , 0.071429 , 0.064516 , 6.978284 , 69.782838 , 0.936797 , 9.367973 , 0.045250 , 0.452500 , 0.094271 , 0.075417 , 0.094271 , 0.784333 , 0.075417 , 0.000000 , 1.000000 
01/07/2013 00:00, 1.800000 , 223.944765 , 0.142857 , 0.071429 , 0.064516 , 7.057320 , 70.573196 , 0.947407 , 9.474074 , 0.045763 , 0.457625 , 0.095339 , 0.076271 , 0.095339 , 0.793217 , 0.076271 , 0.000000 , 1.000000 
02/07/2013 00:00, 1.800000 , 222.294233 , 0.142857 , 0.071429 , 0.064516 , 7.136355 , 71.363554 , 0.958018 , 9.580176 , 0.046275 , 0.462750 , 0.096406 , 0.077125 , 0.096406 , 0.802100 , 0.077125 , 0.000000 , 1.000000 
03/07/2013 00:00, 1.800000 , 222.935970 , 0.142857 , 0.071429 , 0.064516 , 7.215391 , 72.153912 , 0.968628 , 9.686277 , 0.046787 , 0.467875 , 0.097474 , 0.077979 , 0.097474 , 0.810983 , 0.077979 , 0.000000 , 1.000000 
04/07/2013 00:00, 1.800000 , 222.028034 , 0.142857 , 0.071429 , 0.064516 , 7.294427 , 72.944270 , 0.979238 , 9.792378 , 0.047300 , 0.473000 , 0.098542 , 0.078833 , 0.098542 , 0.819867 , 0.078833 , 0.000000 , 1.000000 
05/07/2013 00:00, 1.800000 , 221.861873 , 0.142857 , 0.071429 , 0.064516 , 7.151777 , 71.517770 , 0.960088 , 9.600878 , 0.046375 , 0.463750 , 0.096615 , 0.077292 , 0.096615 , 0.803833 , 0.077292 , 0.000000 , 1.000000 
06/07/2013 00:00, 1.800000 , 221.689518 , 0.142857 , 0.071429 , 0.064516 , 7.009127 , 70.091270 , 0.940938 , 9.409378 , 0.045450 , 0.454500 , 0.094688 , 0.075750 , 0.094688 , 0.787800 , 0.075750 , 0.000000 , 1.000000 
07/07/2013 00:00, 1.800000 , 221.964788 , 0.142857 , 0.071429 , 0.064516 , 6.866477 , 68.664770 , 0.921788 , 9.217878 , 0.044525 , 0.445250 , 0.092760 , 0.074208 , 0.092760 , 0.771767 , 0.074208 , 0.000000 , 1.000000 
08/07/2013 00:00, 1.800000 , 223.793025 , 0.142857 , 0.071429 , 0.064516 , 6.723827 , 67.238270 , 0.902638 , 9.026378 , 0.043600 , 0.436000 , 0.090833 , 0.072667 , 0.090833 , 0.755733 , 0.072667 , 0.000000 , 1.000000 
09/07/2013 00:00, 1.800000 , 224.248510 , 0.142857 , 0.071429 , 0.064516 , 6.581177 , 65.811770 , 0.883488 , 8.834878 , 0.042675 , 0.426750 , 0.088906 , 0.071125 , 0.088906 , 0.739700 , 0.071125 , 0.000000 , 1.000000 
10/07/2013 00:00, 1.800000 , 224.616446 , 0.142857 , 0.071429 , 0.064516 , 6.438527 , 64.385270 , 0.864338 , 8.643378 , 0.041750 , 0.417500 , 0.086979 , 0.069583 , 0.086979 , 0.723667 , 0.069583 , 0.000000 , 1.000000 
11/07/2013 00:00, 1.800000 , 223.974590 , 0.142857 , 0.071429 , 0.064516 , 6.295877 , 62.958770 , 0.845188 , 8.451878 , 0.040825 , 0.408250 , 0.085052 , 0.068042 , 0.085052 , 0.707633 , 0.068042 , 0.000000 , 1.000000 
12/07/2013 00:00, 1.800000 , 222.993368 , 0.142857 , 0.071429 , 0.064516 , 6.153227 , 61.532270 , 0.826038 , 8.260378 , 0.039900 , 0.399000 , 0.083125 , 0.066500 , 0.083125 , 0.691600 , 0.066500 , 0.000000 , 1.000000 
13/07/2013 00:00, 1.800000 , 222.982361 , 0.142857 , 0.071429 , 0.064516 , 6.235154 , 62.351544 , 0.837036 , 8.370361 , 0.040431 , 0.404313 , 0.084232 , 0.067385 , 0.084232 , 0.700808 , 0.067385 , 0.000000 , 1.000000 
14/07/2013 00:00, 1.800000 , 223.083583 , 0.142857 , 0.071429 , 0.064516 , 6.317082 , 63.170818 , 0.848034 , 8.480345 , 0.040962 , 0.409625 , 0.085339 , 0.068271 , 0.085339 , 0.710017 , 0.068271 , 0.000000 , 1.000000 
15/07/2013 00:00, 1.800000 , 222.993174 , 0.142857 , 0.071429 , 0.064516 , 6.399009 , 63.990091 , 0.859033 , 8.590328 , 0.041494 , 0.414938 , 0.086445 , 0.069156 , 0.086445 , 0.719225 , 0.069156 , 0.000000 , 1.000000 
16/07/2013 00:00, 1.800000 , 225.301078 , 0.142857 , 0.071429 , 0.064516 , 6.480936 , 64.809365 , 0.870031 , 8.700311 , 0.042025 , 0.420250 , 0.087552 , 0.070042 , 0.087552 , 0.728433 , 0.070042 , 0.000000 , 1.000000 
17/07/2013 00:00, 1.800000 , 226.016409 , 0.142857 , 0.071429 , 0.064516 , 6.562864 , 65.628639 , 0.881029 , 8.810294 , 0.042556 , 0.425563 , 0.088659 , 0.070927 , 0.088659 , 0.737642 , 0.070927 , 0.000000 , 1.000000 
18/07/2013 00:00, 1.800000 , 226.386732 , 0.142857 , 0.071429 , 0.064516 , 6.644791 , 66.447912 , 0.892028 , 8.920277 , 0.043088 , 0.430875 , 0.089766 , 0.071813 , 0.089766 , 0.746850 , 0.071813 , 0.000000 , 1.000000 
19/07/2013 00:00, 1.800000 , 226.363910 , 0.142857 , 0.071429 , 0.064516 , 6.726719 , 67.267186 , 0.903026 , 9.030260 , 0.043619 , 0.436188 , 0.090872 , 0.072698 , 0.090872 , 0.756058 , 0.072698 , 0.000000 , 1.000000 
20/07/2013 00:00, 1.800000 , 227.570842 , 0.142857 , 0.071429 , 0.064516 , 6.808646 , 68.086459 , 0.914024 , 9.140243 , 0.044150 , 0.441500 , 0.091979 , 0.073583 , 0.091979 , 0.765267 , 0.073583 , 0.000000 , 1.000000 
21/07/2013 00:00, 1.800000 , 227.508548 , 0.142857 , 0.071429 , 0.064516 , 6.890573 , 68.905733 , 0.925023 , 9.250226 , 0.044681 , 0.446812 , 0.093086 , 0.074469 , 0.093086 , 0.774475 , 0.074469 , 0.000000 , 1.000000 
22/07/2013 00:00, 1.800000 , 229.076280 , 0.142857 , 0.071429 , 0.064516 , 6.972501 , 69.725007 , 0.936021 , 9.360209 , 0.045212 , 0.452125 , 0.094193 , 0.075354 , 0.094193 , 0.783683 , 0.075354 , 0.000000 , 1.000000 
23/07/2013 00:00, 1.800000 , 228.018599 , 0.142857 , 0.071429 , 0.064516 , 7.054428 , 70.544280 , 0.947019 , 9.470193 , 0.045744 , 0.457437 , 0.095299 , 0.076240 , 0.095299 , 0.792892 , 0.076240 , 0.000000 , 1.000000 
24/07/2013 00:00, 1.800000 , 229.280258 , 0.142857 , 0.071429 , 0.064516 , 7.136355 , 71.363554 , 0.958018 , 9.580176 , 0.046275 , 0.462750 , 0.096406 , 0.077125 , 0.096406 , 0.802100 , 0.077125 , 0.000000 , 1.000000 
25/07/2013 00:00, 1.800000 , 229.216674 , 0.142857 , 0.071429 , 0.064516 , 7.218283 , 72.182828 , 0.969016 , 9.690159 , 0.046806 , 0.468062 , 0.097513 , 0.078010 , 0.097513 , 0.811308 , 0.078010 , 0.000000 , 1.000000 
26/07/2013 00:00, 1.800000 , 229.640574 , 0.142857 , 0.071429 , 0.064516 , 7.300210 , 73.002101 , 0.980014 , 9.800142 , 0.047337 , 0.473375 , 0.098620 , 0.078896 , 0.098620 , 0.820517 , 0.078896 , 0.000000 , 1.000000 
27/07/2013 00:00, 1.800000 , 228.881900 , 0.142857 , 0.071429 , 0.064516 , 7.382138 , 73.821375 , 0.991012 , 9.910125 , 0.047869 , 0.478687 , 0.099727 , 0.079781 , 0.099727 , 0.829725 , 0.079781 , 0.000000 , 1.000000 
28/07/2013 00:00, 1.800000 , 228.898493 , 0.142857 , 0.071429 , 0.064516 , 7.464065 , 74.640649 , 1.002011 , 10.020108 , 0.048400 , 0.484000 , 0.100833 , 0.080667 , 0.100833 , 0.838933 , 0.080667 , 0.000000 , 1.000000 
29/07/2013 00:00, 1.800000 , 229.537764 , 0.142857 , 0.071429 , 0.064516 , 7.327198 , 73.271980 , 0.983637 , 9.836372 , 0.047512 , 0.475125 , 0.098984 , 0.079188 , 0.098984 , 0.823550 , 0.079188 , 0.000000 , 1.000000 
30/07/2013 00:00, 1.800000 , 229.875834 , 0.142857 , 0.071429 , 0.064516 , 7.190331 , 71.903311 , 0.965264 , 9.652635 , 0.046625 , 0.466250 , 0.097135 , 0.077708 , 0.097135 , 0.808167 , 0.077708 , 0.000000 , 1.000000 
31/07/2013 00:00, 1.800000 , 229.953758 , 0.142857 , 0.071429 , 0.064516 , 7.053464 , 70.534642 , 0.946890 , 9.468899 , 0.045737 , 0.457375 , 0.095286 , 0.076229 , 0.095286 , 0.792783 , 0.076229 , 0.000000 , 1.000000 
01/08/2013 00:00, 1.800000 , 229.313186 , 0.142857 , 0.071429 , 0.064516 , 6.916597 , 69.165973 , 0.928516 , 9.285162 , 0.044850 , 0.448500 , 0.093438 , 0.074750 , 0.093438 , 0.777400 , 0.074750 , 0.000000 , 1.000000 
02/08/2013 00:00, 1.800000 , 228.612704 , 0.142857 , 0.071429 , 0.064516 , 6.779730 , 67.797304 , 0.910143 , 9.101426 , 0.043962 , 0.439625 , 0.091589 , 0.073271 , 0.091589 , 0.762017 , 0.073271 , 0.000000 , 1.000000 
03/08/2013 00:00, 1.800000 , 228.488510 , 0.142857 , 0.071429 , 0.064516 , 6.642864 , 66.428635 , 0.891769 , 8.917689 , 0.043075 , 0.430750 , 0.089740 , 0.071792 , 0.089740 , 0.746633 , 0.071792 , 0.000000 , 1.000000 
04/08/2013 00:00, 1.800000 , 228.577600 , 0.142857 , 0.071429 , 0.064516 , 6.505997 , 65.059966 , 0.873395 , 8.733953 , 0.042187 , 0.421875 , 0.087891 , 0.070313 , 0.087891 , 0.731250 , 0.070313 , 0.000000 , 1.000000 
05/08/2013 00:00, 1.800000 , 228.547728 , 0.142857 , 0.071429 , 0.064516 , 6.369130 , 63.691297 , 0.855022 , 8.550216 , 0.041300 , 0.413000 , 0.086042 , 0.068833 , 0.086042 , 0.715867 , 0.068833 , 0.000000 , 1.000000 
06/08/2013 00:00, 1.800000 , 230.358265 , 0.142857 , 0.071429 , 0.064516 , 6.459732 , 64.597318 , 0.867184 , 8.671845 , 0.041888 , 0.418875 , 0.087266 , 0.069812 , 0.087266 , 0.726050 , 0.069812 , 0.000000 , 1.000000 
07/08/2013 00:00, 1.800000 , 230.178266 , 0.142857 , 0.071429 , 0.064516 , 6.550334 , 65.503338 , 0.879347 , 8.793473 , 0.042475 , 0.424750 , 0.088490 , 0.070792 , 0.088490 , 0.736233 , 0.070792 , 0.000000 , 1.000000 
08/08/2013 00:00, 1.800000 , 229.424625 , 0.142857 , 0.071429 , 0.064516 , 6.640936 , 66.409358 , 0.891510 , 8.915101 , 0.043063 , 0.430625 , 0.089714 , 0.071771 , 0.089714 , 0.746417 , 0.071771 , 0.000000 , 1.000000 
09/08/2013 00:00, 1.800000 , 229.390779 , 0.142857 , 0.071429 , 0.064516 , 6.731538 , 67.315378 , 0.903673 , 9.036730 , 0.043650 , 0.436500 , 0.090938 , 0.072750 , 0.090938 , 0.756600 , 0.072750 , 0.000000 , 1.000000 
10/08/2013 00:00, 1.800000 , 229.563838 , 0.142857 , 0.071429 , 0.064516 , 6.822140 , 68.221399 , 0.915836 , 9.158358 , 0.044238 , 0.442375 , 0.092161 , 0.073729 , 0.092161 , 0.766783 , 0.073729 , 0.000000 , 1.000000 
11/08/2013 00:00, 1.800000 , 229.739677 , 0.142857 , 0.071429 , 0.064516 , 6.912742 , 69.127419 , 0.927999 , 9.279986 , 0.044825 , 0.448250 , 0.093385 , 0.074708 , 0.093385 , 0.776967 , 0.074708 , 0.000000 , 1.000000 
12/08/2013 00:00, 1.800000 , 229.449043 , 0.142857 , 0.071429 , 0.064516 , 7.003344 , 70.033439 , 0.940161 , 9.401615 , 0.045413 , 0.454125 , 0.094609 , 0.075688 , 0.094609 , 0.787150 , 0.075688 , 0.000000 , 1.000000 
13/08/2013 00:00, 1.800000 , 229.687407 , 0.142857 , 0.071429 , 0.064516 , 7.093946 , 70.939459 , 0.952324 , 9.523243 , 0.046000 , 0.460000 , 0.095833 , 0.076667 , 0.095833 , 0.797333 , 0.076667 , 0.000000 , 1.000000 
14/08/2013 00:00, 1.800000 , 230.311811 , 0.142857 , 0.071429 , 0.064516 , 7.034187 , 70.341872 , 0.944302 , 9.443020 , 0.045613 , 0.456125 , 0.095026 , 0.076021 , 0.095026 , 0.790617 , 0.076021 , 0.000000 , 1.000000 
15/08/2013 00:00, 1.800000 , 230.465702 , 0.142857 , 0.071429 , 0.064516 , 6.974428 , 69.744284 , 0.936280 , 9.362797 , 0.045225 , 0.452250 , 0.094219 , 0.075375 , 0.094219 , 0.783900 , 0.075375 , 0.000000 , 1.000000 
16/08/2013 00:00, 1.800000 , 230.971013 , 0.142857 , 0.071429 , 0.064516 , 6.914670 , 69.146696 , 0.928257 , 9.282574 , 0.044837 , 0.448375 , 0.093411 , 0.074729 , 0.093411 , 0.777183 , 0.074729 , 0.000000 , 1.000000 
17/08/2013 00:00, 1.800000 , 231.495118 , 0.142857 , 0.071429 , 0.064516 , 6.854911 , 68.549108 , 0.920235 , 9.202351 , 0.044450 , 0.444500 , 0.092604 , 0.074083 , 0.092604 , 0.770467 , 0.074083 , 0.000000 , 1.000000 
18/08/2013 00:00, 1.800000 , 232.211853 , 0.142857 , 0.071429 , 0.064516 , 6.795152 , 67.951520 , 0.912213 , 9.122128 , 0.044063 , 0.440625 , 0.091797 , 0.073438 , 0.091797 , 0.763750 , 0.073438 , 0.000000 , 1.000000 
19/08/2013 00:00, 1.800000 , 231.883610 , 0.142857 , 0.071429 , 0.064516 , 6.735393 , 67.353932 , 0.904191 , 9.041905 , 0.043675 , 0.436750 , 0.090990 , 0.072792 , 0.090990 , 0.757033 , 0.072792 , 0.000000 , 1.000000 
20/08/2013 00:00, 1.800000 , 231.809171 , 0.142857 , 0.071429 , 0.064516 , 6.675634 , 66.756345 , 0.896168 , 8.961682 , 0.043287 , 0.432875 , 0.090182 , 0.072146 , 0.090182 , 0.750317 , 0.072146 , 0.000000 , 1.000000 
21/08/2013 00:00, 1.800000 , 231.584436 , 0.142857 , 0.071429 , 0.064516 , 6.615876 , 66.158757 , 0.888146 , 8.881459 , 0.042900 , 0.429000 , 0.089375 , 0.071500 , 0.089375 , 0.743600 , 0.071500 , 0.000000 , 1.000000 
22/08/2013 00:00, 1.800000 , 231.981509 , 0.142857 , 0.071429 , 0.064516 , 6.733466 , 67.334655 , 0.903932 , 9.039318 , 0.043662 , 0.436625 , 0.090964 , 0.072771 , 0.090964 , 0.756817 , 0.072771 , 0.000000 , 1.000000 
23/08/2013 00:00, 1.800000 , 232.321919 , 0.142857 , 0.071429 , 0.064516 , 6.851055 , 68.510554 , 0.919718 , 9.197176 , 0.044425 , 0.444250 , 0.092552 , 0.074042 , 0.092552 , 0.770033 , 0.074042 , 0.000000 , 1.000000 
24/08/2013 00:00, 1.800000 , 232.880048 , 0.142857 , 0.071429 , 0.064516 , 6.968645 , 69.686453 , 0.935503 , 9.355034 , 0.045187 , 0.451875 , 0.094141 , 0.075313 , 0.094141 , 0.783250 , 0.075313 , 0.000000 , 1.000000 
25/08/2013 00:00, 1.800000 , 232.092031 , 0.142857 , 0.071429 , 0.064516 , 7.086235 , 70.862351 , 0.951289 , 9.512892 , 0.045950 , 0.459500 , 0.095729 , 0.076583 , 0.095729 , 0.796467 , 0.076583 , 0.000000 , 1.000000 
26/08/2013 00:00, 1.800000 , 231.670902 , 0.142857 , 0.071429 , 0.064516 , 7.203825 , 72.038250 , 0.967075 , 9.670750 , 0.046712 , 0.467125 , 0.097318 , 0.077854 , 0.097318 , 0.809683 , 0.077854 , 0.000000 , 1.000000 
27/08/2013 00:00, 1.800000 , 231.605927 , 0.142857 , 0.071429 , 0.064516 , 7.321415 , 73.214149 , 0.982861 , 9.828608 , 0.047475 , 0.474750 , 0.098906 , 0.079125 , 0.098906 , 0.822900 , 0.079125 , 0.000000 , 1.000000 
28/08/2013 00:00, 1.800000 , 231.948539 , 0.142857 , 0.071429 , 0.064516 , 7.439005 , 74.390047 , 0.998647 , 9.986466 , 0.048237 , 0.482375 , 0.100495 , 0.080396 , 0.100495 , 0.836117 , 0.080396 , 0.000000 , 1.000000 
29/08/2013 00:00, 1.800000 , 232.409937 , 0.142857 , 0.071429 , 0.064516 , 7.556595 , 75.565946 , 1.014432 , 10.144324 , 0.049000 , 0.490000 , 0.102083 , 0.081667 , 0.102083 , 0.849333 , 0.081667 , 0.000000 , 1.000000 
30/08/2013 00:00, 1.800000 , 231.950943 , 0.142857 , 0.071429 , 0.064516 , 7.652980 , 76.529797 , 1.027372 , 10.273716 , 0.049625 , 0.496250 , 0.103385 , 0.082708 , 0.103385 , 0.860167 , 0.082708 , 0.000000 , 1.000000 
31/08/2013 00:00, 1.800000 , 232.081753 , 0.142857 , 0.071429 , 0.064516 , 7.749365 , 77.493649 , 1.040311 , 10.403108 , 0.050250 , 0.502500 , 0.104687 , 0.083750 , 0.104687 , 0.871000 , 0.083750 , 0.000000 , 1.000000 
01/09/2013 00:00, 1.800000 , 231.720713 , 0.142857 , 0.071429 , 0.064516 , 7.845750 , 78.457500 , 1.053250 , 10.532500 , 0.050875 , 0.508750 , 0.105990 , 0.084792 , 0.105990 , 0.881833 , 0.084792 , 0.000000 , 1.000000 
02/09/2013 00:00, 1.800000 , 231.376219 , 0.142857 , 0.071429 , 0.064516 , 7.942135 , 79.421351 , 1.066189 , 10.661892 , 0.051500 , 0.515000 , 0.107292 , 0.085833 , 0.107292 , 0.892667 , 0.085833 , 0.000000 , 1.000000 
03/09/2013 00:00, 1.800000 , 231.120951 , 0.142857 , 0.071429 , 0.064516 , 8.038520 , 80.385203 , 1.079128 , 10.791284 , 0.052125 , 0.521250 , 0.108594 , 0.086875 , 0.108594 , 0.903500 , 0.086875 , 0.000000 , 1.000000 
04/09/2013 00:00, 1.800000 , 231.451510 , 0.142857 , 0.071429 , 0.064516 , 8.134905 , 81.349054 , 1.092068 , 10.920676 , 0.052750 , 0.527500 , 0.109896 , 0.087917 , 0.109896 , 0.914333 , 0.087917 , 0.000000 , 1.000000 
05/09/2013 00:00, 1.800000 , 231.195071 , 0.142857 , 0.071429 , 0.064516 , 8.231291 , 82.312905 , 1.105007 , 11.050068 , 0.053375 , 0.533750 , 0.111198 , 0.088958 , 0.111198 , 0.925167 , 0.088958 , 0.000000 , 1.000000 
06/09/2013 00:00, 1.800000 , 231.110249 , 0.142857 , 0.071429 , 0.064516 , 8.327676 , 83.276757 , 1.117946 , 11.179459 , 0.054000 , 0.540000 , 0.112500 , 0.090000 , 0.112500 , 0.936000 , 0.090000 , 0.000000 , 1.000000 
07/09/2013 00:00, 1.800000 , 231.356777 , 0.142857 , 0.071429 , 0.064516 , 8.052014 , 80.520142 , 1.080940 , 10.809399 , 0.052213 , 0.522125 , 0.108776 , 0.087021 , 0.108776 , 0.905017 , 0.087021 , 0.000000 , 1.000000 
08/09/2013 00:00, 1.800000 , 231.580140 , 0.142857 , 0.071429 , 0.064516 , 7.776353 , 77.763527 , 1.043934 , 10.439338 , 0.050425 , 0.504250 , 0.105052 , 0.084042 , 0.105052 , 0.874033 , 0.084042 , 0.000000 , 1.000000 
09/09/2013 00:00, 1.800000 , 231.575233 , 0.142857 , 0.071429 , 0.064516 , 7.500691 , 75.006912 , 1.006928 , 10.069277 , 0.048638 , 0.486375 , 0.101328 , 0.081062 , 0.101328 , 0.843050 , 0.081062 , 0.000000 , 1.000000 
10/09/2013 00:00, 1.800000 , 231.352319 , 0.142857 , 0.071429 , 0.064516 , 7.225030 , 72.250297 , 0.969922 , 9.699216 , 0.046850 , 0.468500 , 0.097604 , 0.078083 , 0.097604 , 0.812067 , 0.078083 , 0.000000 , 1.000000 
11/09/2013 00:00, 1.800000 , 231.374983 , 0.142857 , 0.071429 , 0.064516 , 6.949368 , 69.493682 , 0.932916 , 9.329155 , 0.045062 , 0.450625 , 0.093880 , 0.075104 , 0.093880 , 0.781083 , 0.075104 , 0.000000 , 1.000000 
12/09/2013 00:00, 1.800000 , 231.413266 , 0.142857 , 0.071429 , 0.064516 , 6.673707 , 66.737068 , 0.895909 , 8.959095 , 0.043275 , 0.432750 , 0.090156 , 0.072125 , 0.090156 , 0.750100 , 0.072125 , 0.000000 , 1.000000 
13/09/2013 00:00, 1.800000 , 232.056092 , 0.142857 , 0.071429 , 0.064516 , 6.398045 , 63.980453 , 0.858903 , 8.589034 , 0.041487 , 0.414875 , 0.086432 , 0.069146 , 0.086432 , 0.719117 , 0.069146 , 0.000000 , 1.000000 
14/09/2013 00:00, 1.800000 , 231.584786 , 0.142857 , 0.071429 , 0.064516 , 6.122384 , 61.223838 , 0.821897 , 8.218973 , 0.039700 , 0.397000 , 0.082708 , 0.066167 , 0.082708 , 0.688133 , 0.066167 , 0.000000 , 1.000000 
15/09/2013 00:00, 1.800000 , 232.766311 , 0.142857 , 0.071429 , 0.064516 , 5.957565 , 59.575652 , 0.799771 , 7.997713 , 0.038631 , 0.386312 , 0.080482 , 0.064385 , 0.080482 , 0.669608 , 0.064385 , 0.000000 , 1.000000 
16/09/2013 00:00, 1.800000 , 232.517239 , 0.142857 , 0.071429 , 0.064516 , 5.792747 , 57.927466 , 0.777645 , 7.776453 , 0.037562 , 0.375625 , 0.078255 , 0.062604 , 0.078255 , 0.651083 , 0.062604 , 0.000000 , 1.000000 
17/09/2013 00:00, 1.800000 , 233.930485 , 0.142857 , 0.071429 , 0.064516 , 5.627928 , 56.279280 , 0.755519 , 7.555193 , 0.036494 , 0.364937 , 0.076029 , 0.060823 , 0.076029 , 0.632558 , 0.060823 , 0.000000 , 1.000000 
18/09/2013 00:00, 1.800000 , 231.977500 , 0.142857 , 0.071429 , 0.064516 , 5.463109 , 54.631095 , 0.733393 , 7.333932 , 0.035425 , 0.354250 , 0.073802 , 0.059042 , 0.073802 , 0.614033 , 0.059042 , 0.000000 , 1.000000 
19/09/2013 00:00, 1.800000 , 231.936555 , 0.142857 , 0.071429 , 0.064516 , 5.298291 , 52.982909 , 0.711267 , 7.112672 , 0.034356 , 0.343562 , 0.071576 , 0.057260 , 0.071576 , 0.595508 , 0.057260 , 0.000000 , 1.000000 
20/09/2013 00:00, 1.800000 , 233.396399 , 0.142857 , 0.071429 , 0.064516 , 5.133472 , 51.334723 , 0.689141 , 6.891412 , 0.033287 , 0.332875 , 0.069349 , 0.055479 , 0.069349 , 0.576983 , 0.055479 , 0.000000 , 1.000000 
21/09/2013 00:00, 1.800000 , 233.613971 , 0.142857 , 0.071429 , 0.064516 , 4.968654 , 49.686537 , 0.667015 , 6.670152 , 0.032219 , 0.322187 , 0.067122 , 0.053698 , 0.067122 , 0.558458 , 0.053698 , 0.000000 , 1.000000 
22/09/2013 00:00, 1.800000 , 233.078211 , 0.142857 , 0.071429 , 0.064516 , 4.803835 , 48.038351 , 0.644889 , 6.448892 , 0.031150 , 0.311500 , 0.064896 , 0.051917 , 0.064896 , 0.539933 , 0.051917 , 0.000000 , 1.000000 
23/09/2013 00:00, 1.800000 , 233.485618 , 0.142857 , 0.071429 , 0.064516 , 4.639017 , 46.390166 , 0.622763 , 6.227632 , 0.030081 , 0.300812 , 0.062669 , 0.050135 , 0.062669 , 0.521408 , 0.050135 , 0.000000 , 1.000000 
24/09/2013 00:00, 1.800000 , 233.545033 , 0.142857 , 0.071429 , 0.064516 , 4.474198 , 44.741980 , 0.600637 , 6.006372 , 0.029013 , 0.290125 , 0.060443 , 0.048354 , 0.060443 , 0.502883 , 0.048354 , 0.000000 , 1.000000 
25/09/2013 00:00, 1.800000 , 233.461976 , 0.142857 , 0.071429 , 0.064516 , 4.309379 , 43.093794 , 0.578511 , 5.785111 , 0.027944 , 0.279438 , 0.058216 , 0.046573 , 0.058216 , 0.484358 , 0.046573 , 0.000000 , 1.000000 
26/09/2013 00:00, 1.800000 , 233.392557 , 0.142857 , 0.071429 , 0.064516 , 4.144561 , 41.445608 , 0.556385 , 5.563851 , 0.026875 , 0.268750 , 0.055990 , 0.044792 , 0.055990 , 0.465833 , 0.044792 , 0.000000 , 1.000000 
27/09/2013 00:00, 1.800000 , 233.508738 , 0.142857 , 0.071429 , 0.064516 , 3.979742 , 39.797422 , 0.534259 , 5.342591 , 0.025806 , 0.258063 , 0.053763 , 0.043010 , 0.053763 , 0.447308 , 0.043010 , 0.000000 , 1.000000 
28/09/2013 00:00, 1.800000 , 233.450197 , 0.142857 , 0.071429 , 0.064516 , 3.814924 , 38.149236 , 0.512133 , 5.121331 , 0.024738 , 0.247375 , 0.051536 , 0.041229 , 0.051536 , 0.428783 , 0.041229 , 0.000000 , 1.000000 
29/09/2013 00:00, 1.800000 , 233.516753 , 0.142857 , 0.071429 , 0.064516 , 3.650105 , 36.501051 , 0.490007 , 4.900071 , 0.023669 , 0.236687 , 0.049310 , 0.039448 , 0.049310 , 0.410258 , 0.039448 , 0.000000 , 1.000000 
30/09/2013 00:00, 1.800000 , 233.511433 , 0.142857 , 0.071429 , 0.064516 , 3.485286 , 34.852865 , 0.467881 , 4.678811 , 0.022600 , 0.226000 , 0.047083 , 0.037667 , 0.047083 , 0.391733 , 0.037667 , 0.000000 , 1.000000 
01/10/2013 00:00, 1.800000 , 233.579938 , 0.142857 , 0.071429 , 0.064516 , 3.398540 , 33.985399 , 0.456236 , 4.562358 , 0.022038 , 0.220375 , 0.045911 , 0.036729 , 0.045911 , 0.381983 , 0.036729 , 0.000000 , 1.000000 
02/10/2013 00:00, 1.800000 , 233.373671 , 0.142857 , 0.071429 , 0.064516 , 3.311793 , 33.117932 , 0.444591 , 4.445905 , 0.021475 , 0.214750 , 0.044740 , 0.035792 , 0.044740 , 0.372233 , 0.035792 , 0.000000 , 1.000000 
03/10/2013 00:00, 1.800000 , 233.294121 , 0.142857 , 0.071429 , 0.064516 , 3.225047 , 32.250466 , 0.432945 , 4.329453 , 0.020912 , 0.209125 , 0.043568 , 0.034854 , 0.043568 , 0.362483 , 0.034854 , 0.000000 , 1.000000 
04/10/2013 00:00, 1.800000 , 233.290495 , 0.142857 , 0.071429 , 0.064516 , 3.138300 , 31.383000 , 0.421300 , 4.213000 , 0.020350 , 0.203500 , 0.042396 , 0.033917 , 0.042396 , 0.352733 , 0.033917 , 0.000000 , 1.000000 
05/10/2013 00:00, 1.800000 , 233.073667 , 0.142857 , 0.071429 , 0.064516 , 3.051553 , 30.515534 , 0.409655 , 4.096547 , 0.019788 , 0.197875 , 0.041224 , 0.032979 , 0.041224 , 0.342983 , 0.032979 , 0.000000 , 1.000000 
06/10/2013 00:00, 1.800000 , 233.251763 , 0.142857 , 0.071429 , 0.064516 , 2.964807 , 29.648068 , 0.398009 , 3.980095 , 0.019225 , 0.192250 , 0.040052 , 0.032042 , 0.040052 , 0.333233 , 0.032042 , 0.000000 , 1.000000 
07/10/2013 00:00, 1.800000 , 232.930664 , 0.142857 , 0.071429 , 0.064516 , 2.878060 , 28.780601 , 0.386364 , 3.863642 , 0.018662 , 0.186625 , 0.038880 , 0.031104 , 0.038880 , 0.323483 , 0.031104 , 0.000000 , 1.000000 
08/10/2013 00:00, 1.800000 , 232.467860 , 0.142857 , 0.071429 , 0.064516 , 2.791314 , 27.913135 , 0.374719 , 3.747189 , 0.018100 , 0.181000 , 0.037708 , 0.030167 , 0.037708 , 0.313733 , 0.030167 , 0.000000 , 1.000000 
09/10/2013 00:00, 1.800000 , 231.973432 , 0.142857 , 0.071429 , 0.064516 , 2.779747 , 27.797473 , 0.373166 , 3.731662 , 0.018025 , 0.180250 , 0.037552 , 0.030042 , 0.037552 , 0.312433 , 0.030042 , 0.000000 , 1.000000 
10/10/2013 00:00, 1.800000 , 231.689994 , 0.142857 , 0.071429 , 0.064516 , 2.768181 , 27.681811 , 0.371614 , 3.716135 , 0.017950 , 0.179500 , 0.037396 , 0.029917 , 0.037396 , 0.311133 , 0.029917 , 0.000000 , 1.000000 
11/10/2013 00:00, 1.800000 , 231.560276 , 0.142857 , 0.071429 , 0.064516 , 2.756615 , 27.566149 , 0.370061 , 3.700608 , 0.017875 , 0.178750 , 0.037240 , 0.029792 , 0.037240 , 0.309833 , 0.029792 , 0.000000 , 1.000000 
12/10/2013 00:00, 1.800000 , 231.800297 , 0.142857 , 0.071429 , 0.064516 , 2.745049 , 27.450486 , 0.368508 , 3.685081 , 0.017800 , 0.178000 , 0.037083 , 0.029667 , 0.037083 , 0.308533 , 0.029667 , 0.000000 , 1.000000 
13/10/2013 00:00, 1.800000 , 232.410164 , 0.142857 , 0.071429 , 0.064516 , 2.733482 , 27.334824 , 0.366955 , 3.669554 , 0.017725 , 0.177250 , 0.036927 , 0.029542 , 0.036927 , 0.307233 , 0.029542 , 0.000000 , 1.000000 
14/10/2013 00:00, 1.800000 , 232.939522 , 0.142857 , 0.071429 , 0.064516 , 2.721916 , 27.219162 , 0.365403 , 3.654027 , 0.017650 , 0.176500 , 0.036771 , 0.029417 , 0.036771 , 0.305933 , 0.029417 , 0.000000 , 1.000000 
15/10/2013 00:00, 1.800000 , 233.169126 , 0.142857 , 0.071429 , 0.064516 , 2.710350 , 27.103500 , 0.363850 , 3.638500 , 0.017575 , 0.175750 , 0.036615 , 0.029292 , 0.036615 , 0.304633 , 0.029292 , 0.000000 , 1.000000 
16/10/2013 00:00, 1.800000 , 233.066341 , 0.142857 , 0.071429 , 0.064516 , 2.698784 , 26.987838 , 0.362297 , 3.622973 , 0.017500 , 0.175000 , 0.036458 , 0.029167 , 0.036458 , 0.303333 , 0.029167 , 0.000000 , 1.000000 
17/10/2013 00:00, 1.800000 , 233.059917 , 0.142857 , 0.071429 , 0.064516 , 2.656374 , 26.563743 , 0.356604 , 3.566041 , 0.017225 , 0.172250 , 0.035885 , 0.028708 , 0.035885 , 0.298567 , 0.028708 , 0.000000 , 1.000000 
18/10/2013 00:00, 1.800000 , 233.094906 , 0.142857 , 0.071429 , 0.064516 , 2.613965 , 26.139649 , 0.350911 , 3.509108 , 0.016950 , 0.169500 , 0.035313 , 0.028250 , 0.035313 , 0.293800 , 0.028250 , 0.000000 , 1.000000 
19/10/2013 00:00, 1.800000 , 232.828944 , 0.142857 , 0.071429 , 0.064516 , 2.571555 , 25.715554 , 0.345218 , 3.452176 , 0.016675 , 0.166750 , 0.034740 , 0.027792 , 0.034740 , 0.289033 , 0.027792 , 0.000000 , 1.000000 
20/10/2013 00:00, 1.800000 , 232.257949 , 0.142857 , 0.071429 , 0.064516 , 2.529146 , 25.291459 , 0.339524 , 3.395243 , 0.016400 , 0.164000 , 0.034167 , 0.027333 , 0.034167 , 0.284267 , 0.027333 , 0.000000 , 1.000000 
21/10/2013 00:00, 1.800000 , 232.306172 , 0.142857 , 0.071429 , 0.064516 , 2.486736 , 24.867365 , 0.333831 , 3.338311 , 0.016125 , 0.161250 , 0.033594 , 0.026875 , 0.033594 , 0.279500 , 0.026875 , 0.000000 , 1.000000 
22/10/2013 00:00, 1.800000 , 232.641513 , 0.142857 , 0.071429 , 0.064516 , 2.444327 , 24.443270 , 0.328138 , 3.281378 , 0.015850 , 0.158500 , 0.033021 , 0.026417 , 0.033021 , 0.274733 , 0.026417 , 0.000000 , 1.000000 
23/10/2013 00:00, 1.800000 , 233.000904 , 0.142857 , 0.071429 , 0.064516 , 2.401918 , 24.019176 , 0.322445 , 3.224446 , 0.015575 , 0.155750 , 0.032448 , 0.025958 , 0.032448 , 0.269967 , 0.025958 , 0.000000 , 1.000000 
24/10/2013 00:00, 1.800000 , 233.193212 , 0.142857 , 0.071429 , 0.064516 , 2.359508 , 23.595081 , 0.316751 , 3.167514 , 0.015300 , 0.153000 , 0.031875 , 0.025500 , 0.031875 , 0.265200 , 0.025500 , 0.000000 , 1.000000 
25/10/2013 00:00, 1.800000 , 233.073436 , 0.142857 , 0.071429 , 0.064516 , 2.359508 , 23.595081 , 0.316751 , 3.167514 , 0.015300 , 0.153000 , 0.031875 , 0.025500 , 0.031875 , 0.265200 , 0.025500 , 0.000000 , 1.000000 
26/10/2013 00:00, 1.800000 , 233.234495 , 0.142857 , 0.071429 , 0.064516 , 2.359508 , 23.595081 , 0.316751 , 3.167514 , 0.015300 , 0.153000 , 0.031875 , 0.025500 , 0.031875 , 0.265200 , 0.025500 , 0.000000 , 1.000000 
27/10/2013 00:00, 1.800000 , 232.789449 , 0.142857 , 0.071429 , 0.064516 , 2.359508 , 23.595081 , 0.316751 , 3.167514 , 0.015300 , 0.153000 , 0.031875 , 0.025500 , 0.031875 , 0.265200 , 0.025500 , 0.000000 , 1.000000 
28/10/2013 00:00, 1.800000 , 232.396646 , 0.142857 , 0.071429 , 0.064516 , 2.359508 , 23.595081 , 0.316751 , 3.167514 , 0.015300 , 0.153000 , 0.031875 , 0.025500 , 0.031875 , 0.265200 , 0.025500 , 0.000000 , 1.000000 
29/10/2013 00:00, 1.800000 , 232.260565 , 0.142857 , 0.071429 , 0.064516 , 2.359508 , 23.595081 , 0.316751 , 3.167514 , 0.015300 , 0.153000 , 0.031875 , 0.025500 , 0.031875 , 0.265200 , 0.025500 , 0.000000 , 1.000000 
30/10/2013 00:00, 1.800000 , 232.120246 , 0.142857 , 0.071429 , 0.064516 , 2.359508 , 23.595081 , 0.316751 , 3.167514 , 0.015300 , 0.153000 , 0.031875 , 0.025500 , 0.031875 , 0.265200 , 0.025500 , 0.000000 , 1.000000 
31/10/2013 00:00, 1.800000 , 231.824232 , 0.142857 , 0.071429 , 0.064516 , 2.359508 , 23.595081 , 0.316751 , 3.167514 , 0.015300 , 0.153000 , 0.031875 , 0.025500 , 0.031875 , 0.265200 , 0.025500 , 0.000000 , 1.000000 
01/11/2013 00:00, 1.800000 , 231.385361 , 0.142857 , 0.071429 , 0.064516 , 2.359508 , 23.595081 , 0.316751 , 3.167514 , 0.015300 , 0.153000 , 0.031875 , 0.025500 , 0.031875 , 0.265200 , 0.025500 , 0.000000 , 1.000000 
02/11/2013 00:00, 1.800000 , 231.135073 , 0.142857 , 0.071429 , 0.064516 , 2.347942 , 23.479419 , 0.315199 , 3.151986 , 0.015225 , 0.152250 , 0.031719 , 0.025375 , 0.031719 , 0.263900 , 0.025375 , 0.000000 , 1.000000 
03/11/2013 00:00, 1.800000 , 231.400898 , 0.142857 , 0.071429 , 0.064516 , 2.336376 , 23.363757 , 0.313646 , 3.136459 , 0.015150 , 0.151500 , 0.031563 , 0.025250 , 0.031563 , 0.262600 , 0.025250 , 0.000000 , 1.000000 
04/11/2013 00:00, 1.800000 , 231.225642 , 0.142857 , 0.071429 , 0.064516 , 2.324809 , 23.248095 , 0.312093 , 3.120932 , 0.015075 , 0.150750 , 0.031406 , 0.025125 , 0.031406 , 0.261300 , 0.025125 , 0.000000 , 1.000000 
05/11/2013 00:00, 1.800000 , 230.981877 , 0.142857 , 0.071429 , 0.064516 , 2.313243 , 23.132432 , 0.310541 , 3.105405 , 0.015000 , 0.150000 , 0.031250 , 0.025000 , 0.031250 , 0.260000 , 0.025000 , 0.000000 , 1.000000 
06/11/2013 00:00, 1.800000 , 230.716146 , 0.142857 , 0.071429 , 0.064516 , 2.301677 , 23.016770 , 0.308988 , 3.089878 , 0.014925 , 0.149250 , 0.031094 , 0.024875 , 0.031094 , 0.258700 , 0.024875 , 0.000000 , 1.000000 
07/11/2013 00:00, 1.800000 , 230.758267 , 0.142857 , 0.071429 , 0.064516 , 2.290111 , 22.901108 , 0.307435 , 3.074351 , 0.014850 , 0.148500 , 0.030938 , 0.024750 , 0.030938 , 0.257400 , 0.024750 , 0.000000 , 1.000000 
08/11/2013 00:00, 1.800000 , 230.850121 , 0.142857 , 0.071429 , 0.064516 , 2.278545 , 22.785446 , 0.305882 , 3.058824 , 0.014775 , 0.147750 , 0.030781 , 0.024625 , 0.030781 , 0.256100 , 0.024625 , 0.000000 , 1.000000 
09/11/2013 00:00, 1.800000 , 230.950232 , 0.142857 , 0.071429 , 0.064516 , 2.266978 , 22.669784 , 0.304330 , 3.043297 , 0.014700 , 0.147000 , 0.030625 , 0.024500 , 0.030625 , 0.254800 , 0.024500 , 0.000000 , 1.000000 
10/11/2013 00:00, 1.800000 , 230.932145 , 0.142857 , 0.071429 , 0.064516 , 2.313243 , 23.132432 , 0.310541 , 3.105405 , 0.015000 , 0.150000 , 0.031250 , 0.025000 , 0.031250 , 0.260000 , 0.025000 , 0.000000 , 1.000000 
11/11/2013 00:00, 1.800000 , 230.538155 , 0.142857 , 0.071429 , 0.064516 , 2.359508 , 23.595081 , 0.316751 , 3.167514 , 0.015300 , 0.153000 , 0.031875 , 0.025500 , 0.031875 , 0.265200 , 0.025500 , 0.000000 , 1.000000 
12/11/2013 00:00, 1.800000 , 229.914860 , 0.142857 , 0.071429 , 0.064516 , 2.405773 , 24.057730 , 0.322962 , 3.229622 , 0.015600 , 0.156000 , 0.032500 , 0.026000 , 0.032500 , 0.270400 , 0.026000 , 0.000000 , 1.000000 
13/11/2013 00:00, 1.800000 , 230.127563 , 0.142857 , 0.071429 , 0.064516 , 2.452038 , 24.520378 , 0.329173 , 3.291730 , 0.015900 , 0.159000 , 0.033125 , 0.026500 , 0.033125 , 0.275600 , 0.026500 , 0.000000 , 1.000000 
14/11/2013 00:00, 1.800000 , 231.118794 , 0.142857 , 0.071429 , 0.064516 , 2.498303 , 24.983027 , 0.335384 , 3.353838 , 0.016200 , 0.162000 , 0.033750 , 0.027000 , 0.033750 , 0.280800 , 0.027000 , 0.000000 , 1.000000 
15/11/2013 00:00, 1.800000 , 231.426594 , 0.142857 , 0.071429 , 0.064516 , 2.544568 , 25.445676 , 0.341595 , 3.415946 , 0.016500 , 0.165000 , 0.034375 , 0.027500 , 0.034375 , 0.286000 , 0.027500 , 0.000000 , 1.000000 
16/11/2013 00:00, 1.800000 , 231.259766 , 0.142857 , 0.071429 , 0.064516 , 2.590832 , 25.908324 , 0.347805 , 3.478054 , 0.016800 , 0.168000 , 0.035000 , 0.028000 , 0.035000 , 0.291200 , 0.028000 , 0.000000 , 1.000000 
17/11/2013 00:00, 1.800000 , 230.232961 , 0.142857 , 0.071429 , 0.064516 , 2.637097 , 26.370973 , 0.354016 , 3.540162 , 0.017100 , 0.171000 , 0.035625 , 0.028500 , 0.035625 , 0.296400 , 0.028500 , 0.000000 , 1.000000 
18/11/2013 00:00, 1.800000 , 230.325690 , 0.142857 , 0.071429 , 0.064516 , 2.590832 , 25.908324 , 0.347805 , 3.478054 , 0.016800 , 0.168000 , 0.035000 , 0.028000 , 0.035000 , 0.291200 , 0.028000 , 0.000000 , 1.000000 
19/11/2013 00:00, 1.800000 , 229.925558 , 0.142857 , 0.071429 , 0.064516 , 2.544568 , 25.445676 , 0.341595 , 3.415946 , 0.016500 , 0.165000 , 0.034375 , 0.027500 , 0.034375 , 0.286000 , 0.027500 , 0.000000 , 1.000000 
20/11/2013 00:00, 1.800000 , 230.451222 , 0.142857 , 0.071429 , 0.064516 , 2.498303 , 24.983027 , 0.335384 , 3.353838 , 0.016200 , 0.162000 , 0.033750 , 0.027000 , 0.033750 , 0.280800 , 0.027000 , 0.000000 , 1.000000 
21/11/2013 00:00, 1.800000 , 230.461239 , 0.142857 , 0.071429 , 0.064516 , 2.452038 , 24.520378 , 0.329173 , 3.291730 , 0.015900 , 0.159000 , 0.033125 , 0.026500 , 0.033125 , 0.275600 , 0.026500 , 0.000000 , 1.000000 
22/11/2013 00:00, 1.800000 , 230.236404 , 0.142857 , 0.071429 , 0.064516 , 2.405773 , 24.057730 , 0.322962 , 3.229622 , 0.015600 , 0.156000 , 0.032500 , 0.026000 , 0.032500 , 0.270400 , 0.026000 , 0.000000 , 1.000000 
23/11/2013 00:00, 1.800000 , 229.480161 , 0.142857 , 0.071429 , 0.064516 , 2.359508 , 23.595081 , 0.316751 , 3.167514 , 0.015300 , 0.153000 , 0.031875 , 0.025500 , 0.031875 , 0.265200 , 0.025500 , 0.000000 , 1.000000 
24/11/2013 00:00, 1.800000 , 228.238787 , 0.142857 , 0.071429 , 0.064516 , 2.313243 , 23.132432 , 0.310541 , 3.105405 , 0.015000 , 0.150000 , 0.031250 , 0.025000 , 0.031250 , 0.260000 , 0.025000 , 0.000000 , 1.000000 
25/11/2013 00:00, 1.800000 , 227.803213 , 0.142857 , 0.071429 , 0.064516 , 2.266978 , 22.669784 , 0.304330 , 3.043297 , 0.014700 , 0.147000 , 0.030625 , 0.024500 , 0.030625 , 0.254800 , 0.024500 , 0.000000 , 1.000000 
26/11/2013 00:00, 1.800000 , 228.020785 , 0.142857 , 0.071429 , 0.064516 , 2.236135 , 22.361351 , 0.300189 , 3.001892 , 0.014500 , 0.145000 , 0.030208 , 0.024167 , 0.030208 , 0.251333 , 0.024167 , 0.000000 , 1.000000 
27/11/2013 00:00, 1.800000 , 228.191496 , 0.142857 , 0.071429 , 0.064516 , 2.205292 , 22.052919 , 0.296049 , 2.960486 , 0.014300 , 0.143000 , 0.029792 , 0.023833 , 0.029792 , 0.247867 , 0.023833 , 0.000000 , 1.000000 
28/11/2013 00:00, 1.800000 , 228.423205 , 0.142857 , 0.071429 , 0.064516 , 2.174449 , 21.744486 , 0.291908 , 2.919081 , 0.014100 , 0.141000 , 0.029375 , 0.023500 , 0.029375 , 0.244400 , 0.023500 , 0.000000 , 1.000000 
29/11/2013 00:00, 1.800000 , 228.217260 , 0.142857 , 0.071429 , 0.064516 , 2.143605 , 21.436054 , 0.287768 , 2.877676 , 0.013900 , 0.139000 , 0.028958 , 0.023167 , 0.028958 , 0.240933 , 0.023167 , 0.000000 , 1.000000 
30/11/2013 00:00, 1.800000 , 227.328293 , 0.142857 , 0.071429 , 0.064516 , 2.112762 , 21.127622 , 0.283627 , 2.836270 , 0.013700 , 0.137000 , 0.028542 , 0.022833 , 0.028542 , 0.237467 , 0.022833 , 0.000000 , 1.000000 
01/12/2013 00:00, 1.800000 , 227.074263 , 0.142857 , 0.071429 , 0.064516 , 2.081919 , 20.819189 , 0.279486 , 2.794865 , 0.013500 , 0.135000 , 0.028125 , 0.022500 , 0.028125 , 0.234000 , 0.022500 , 0.000000 , 1.000000 
02/12/2013 00:00, 1.800000 , 227.151156 , 0.142857 , 0.071429 , 0.064516 , 2.051076 , 20.510757 , 0.275346 , 2.753459 , 0.013300 , 0.133000 , 0.027708 , 0.022167 , 0.027708 , 0.230533 , 0.022167 , 0.000000 , 1.000000 
03/12/2013 00:00, 1.800000 , 228.154770 , 0.142857 , 0.071429 , 0.064516 , 2.020232 , 20.202324 , 0.271205 , 2.712054 , 0.013100 , 0.131000 , 0.027292 , 0.021833 , 0.027292 , 0.227067 , 0.021833 , 0.000000 , 1.000000 
04/12/2013 00:00, 1.800000 , 230.540139 , 0.142857 , 0.071429 , 0.064516 , 2.039509 , 20.395095 , 0.273793 , 2.737932 , 0.013225 , 0.132250 , 0.027552 , 0.022042 , 0.027552 , 0.229233 , 0.022042 , 0.000000 , 1.000000 
05/12/2013 00:00, 1.800000 , 231.647312 , 0.142857 , 0.071429 , 0.064516 , 2.058786 , 20.587865 , 0.276381 , 2.763811 , 0.013350 , 0.133500 , 0.027813 , 0.022250 , 0.027813 , 0.231400 , 0.022250 , 0.000000 , 1.000000 
06/12/2013 00:00, 1.800000 , 231.677580 , 0.142857 , 0.071429 , 0.064516 , 2.078064 , 20.780635 , 0.278969 , 2.789689 , 0.013475 , 0.134750 , 0.028073 , 0.022458 , 0.028073 , 0.233567 , 0.022458 , 0.000000 , 1.000000 
07/12/2013 00:00, 1.800000 , 228.820182 , 0.142857 , 0.071429 , 0.064516 , 2.097341 , 20.973405 , 0.281557 , 2.815568 , 0.013600 , 0.136000 , 0.028333 , 0.022667 , 0.028333 , 0.235733 , 0.022667 , 0.000000 , 1.000000 
08/12/2013 00:00, 1.800000 , 231.595517 , 0.142857 , 0.071429 , 0.064516 , 2.116618 , 21.166176 , 0.284145 , 2.841446 , 0.013725 , 0.137250 , 0.028594 , 0.022875 , 0.028594 , 0.237900 , 0.022875 , 0.000000 , 1.000000 
09/12/2013 00:00, 1.800000 , 231.838939 , 0.142857 , 0.071429 , 0.064516 , 2.135895 , 21.358946 , 0.286732 , 2.867324 , 0.013850 , 0.138500 , 0.028854 , 0.023083 , 0.028854 , 0.240067 , 0.023083 , 0.000000 , 1.000000 
10/12/2013 00:00, 1.800000 , 232.312199 , 0.142857 , 0.071429 , 0.064516 , 2.155172 , 21.551716 , 0.289320 , 2.893203 , 0.013975 , 0.139750 , 0.029115 , 0.023292 , 0.029115 , 0.242233 , 0.023292 , 0.000000 , 1.000000 
11/12/2013 00:00, 1.800000 , 232.301262 , 0.142857 , 0.071429 , 0.064516 , 2.174449 , 21.744486 , 0.291908 , 2.919081 , 0.014100 , 0.141000 , 0.029375 , 0.023500 , 0.029375 , 0.244400 , 0.023500 , 0.000000 , 1.000000 
12/12/2013 00:00, 1.800000 , 232.308535 , 0.142857 , 0.071429 , 0.064516 , 2.193726 , 21.937257 , 0.294496 , 2.944959 , 0.014225 , 0.142250 , 0.029635 , 0.023708 , 0.029635 , 0.246567 , 0.023708 , 0.000000 , 1.000000 
13/12/2013 00:00, 1.800000 , 230.692340 , 0.142857 , 0.071429 , 0.064516 , 2.213003 , 22.130027 , 0.297084 , 2.970838 , 0.014350 , 0.143500 , 0.029896 , 0.023917 , 0.029896 , 0.248733 , 0.023917 , 0.000000 , 1.000000 
14/12/2013 00:00, 1.800000 , 228.747291 , 0.142857 , 0.071429 , 0.064516 , 2.232280 , 22.322797 , 0.299672 , 2.996716 , 0.014475 , 0.144750 , 0.030156 , 0.024125 , 0.030156 , 0.250900 , 0.024125 , 0.000000 , 1.000000 
15/12/2013 00:00, 1.800000 , 228.015520 , 0.142857 , 0.071429 , 0.064516 , 2.251557 , 22.515568 , 0.302259 , 3.022595 , 0.014600 , 0.146000 , 0.030417 , 0.024333 , 0.030417 , 0.253067 , 0.024333 , 0.000000 , 1.000000 
16/12/2013 00:00, 1.800000 , 228.002463 , 0.142857 , 0.071429 , 0.064516 , 2.270834 , 22.708338 , 0.304847 , 3.048473 , 0.014725 , 0.147250 , 0.030677 , 0.024542 , 0.030677 , 0.255233 , 0.024542 , 0.000000 , 1.000000 
17/12/2013 00:00, 1.800000 , 226.533152 , 0.142857 , 0.071429 , 0.064516 , 2.290111 , 22.901108 , 0.307435 , 3.074351 , 0.014850 , 0.148500 , 0.030938 , 0.024750 , 0.030938 , 0.257400 , 0.024750 , 0.000000 , 1.000000 
18/12/2013 00:00, 1.800000 , 226.474831 , 0.142857 , 0.071429 , 0.064516 , 2.309388 , 23.093878 , 0.310023 , 3.100230 , 0.014975 , 0.149750 , 0.031198 , 0.024958 , 0.031198 , 0.259567 , 0.024958 , 0.000000 , 1.000000 
19/12/2013 00:00, 1.800000 , 226.363133 , 0.142857 , 0.071429 , 0.064516 , 2.328665 , 23.286649 , 0.312611 , 3.126108 , 0.015100 , 0.151000 , 0.031458 , 0.025167 , 0.031458 , 0.261733 , 0.025167 , 0.000000 , 1.000000 
20/12/2013 00:00, 1.800000 , 226.367763 , 0.142857 , 0.071429 , 0.064516 , 2.320954 , 23.209541 , 0.311576 , 3.115757 , 0.015050 , 0.150500 , 0.031354 , 0.025083 , 0.031354 , 0.260867 , 0.025083 , 0.000000 , 1.000000 
21/12/2013 00:00, 1.800000 , 226.257737 , 0.142857 , 0.071429 , 0.064516 , 2.313243 , 23.132432 , 0.310541 , 3.105405 , 0.015000 , 0.150000 , 0.031250 , 0.025000 , 0.031250 , 0.260000 , 0.025000 , 0.000000 , 1.000000 
22/12/2013 00:00, 1.800000 , 226.251813 , 0.142857 , 0.071429 , 0.064516 , 2.305532 , 23.055324 , 0.309505 , 3.095054 , 0.014950 , 0.149500 , 0.031146 , 0.024917 , 0.031146 , 0.259133 , 0.024917 , 0.000000 , 1.000000 
23/12/2013 00:00, 1.800000 , 226.338827 , 0.142857 , 0.071429 , 0.064516 , 2.297822 , 22.978216 , 0.308470 , 3.084703 , 0.014900 , 0.149000 , 0.031042 , 0.024833 , 0.031042 , 0.258267 , 0.024833 , 0.000000 , 1.000000 
24/12/2013 00:00, 1.800000 , 226.201168 , 0.142857 , 0.071429 , 0.064516 , 2.290111 , 22.901108 , 0.307435 , 3.074351 , 0.014850 , 0.148500 , 0.030938 , 0.024750 , 0.030938 , 0.257400 , 0.024750 , 0.000000 , 1.000000 
25/12/2013 00:00, 1.800000 , 226.470810 , 0.142857 , 0.071429 , 0.064516 , 2.282400 , 22.824000 , 0.306400 , 3.064000 , 0.014800 , 0.148000 , 0.030833 , 0.024667 , 0.030833 , 0.256533 , 0.024667 , 0.000000 , 1.000000 
26/12/2013 00:00, 1.800000 , 226.138371 , 0.142857 , 0.071429 , 0.064516 , 2.274689 , 22.746892 , 0.305365 , 3.053649 , 0.014750 , 0.147500 , 0.030729 , 0.024583 , 0.030729 , 0.255667 , 0.024583 , 0.000000 , 1.000000 
27/12/2013 00:00, 1.800000 , 225.724873 , 0.142857 , 0.071429 , 0.064516 , 2.266978 , 22.669784 , 0.304330 , 3.043297 , 0.014700 , 0.147000 , 0.030625 , 0.024500 , 0.030625 , 0.254800 , 0.024500 , 0.000000 , 1.000000 
28/12/2013 00:00, 1.800000 , 226.230244 , 0.142857 , 0.071429 , 0.064516 , 2.267979 , 22.679787 , 0.304464 , 3.044640 , 0.014706 , 0.147065 , 0.030639 , 0.024511 , 0.030639 , 0.254912 , 0.024511 , 0.000000 , 1.000000 
29/12/2013 00:00, 1.800000 , 226.302563 , 0.142857 , 0.071429 , 0.064516 , 2.268979 , 22.689790 , 0.304598 , 3.045983 , 0.014713 , 0.147130 , 0.030652 , 0.024522 , 0.030652 , 0.255025 , 0.024522 , 0.000000 , 1.000000 
30/12/2013 00:00, 1.800000 , 226.938063 , 0.142857 , 0.071429 , 0.064516 , 2.269979 , 22.699793 , 0.304733 , 3.047326 , 0.014719 , 0.147195 , 0.030666 , 0.024532 , 0.030666 , 0.255137 , 0.024532 , 0.000000 , 1.000000 
31/12/2013 00:00, 1.800000 , 226.135077 , 0.142857 , 0.071429 , 0.064516 , 2.270980 , 22.709797 , 0.304867 , 3.048669 , 0.014726 , 0.147259 , 0.030679 , 0.024543 , 0.030679 , 0.255250 , 0.024543 , 0.000000 , 1.000000 
