Date,Q,Sal,Temp,DO,
11/07/2008 00:00:00,0,34.53,15.33,302.71,
11/07/2008 01:00:00,-99.4249,34.53,15.337,302.66,
11/07/2008 02:00:00,-235.9654,34.53,15.344,302.62,
11/07/2008 03:00:00,-254.1393,34.53,15.351,302.57,
11/07/2008 04:00:00,-149.6685,34.53,15.358,302.52,
11/07/2008 05:00:00,90.0564,34.54,15.365,302.48,
11/07/2008 06:00:00,473.1335,34.54,15.373,302.43,
11/07/2008 07:00:00,577.0142,34.54,15.38,302.38,
11/07/2008 08:00:00,490.4097,34.54,15.387,302.34,
11/07/2008 09:00:00,510.1726,34.54,15.394,302.29,
11/07/2008 10:00:00,485.7299,34.54,15.401,302.24,
11/07/2008 11:00:00,507.8174,34.55,15.408,302.2,
11/07/2008 12:00:00,609.8337,34.55,15.415,302.15,
11/07/2008 13:00:00,638.0963,34.55,15.422,302.1,
11/07/2008 14:00:00,650.8339,34.55,15.429,302.06,
11/07/2008 15:00:00,614.9953,34.55,15.436,302.01,
11/07/2008 16:00:00,535.2908,34.54,15.443,301.96,
11/07/2008 17:00:00,437.1163,34.54,15.45,301.92,
11/07/2008 18:00:00,313.0407,34.54,15.458,301.87,
11/07/2008 19:00:00,182.4889,34.54,15.465,301.82,
11/07/2008 20:00:00,-54.9989,34.54,15.472,301.78,
11/07/2008 21:00:00,-393.1281,34.54,15.479,301.73,
11/07/2008 22:00:00,-529.3931,34.54,15.486,301.68,
11/07/2008 23:00:00,-566.511,34.54,15.493,301.64,
12/07/2008 00:00:00,-581.3058,34.54,15.5,301.59,
12/07/2008 01:00:00,-560.5821,34.54,15.495,301.63,
12/07/2008 02:00:00,-521.8917,34.54,15.489,301.66,
12/07/2008 03:00:00,-480.4967,34.54,15.484,301.7,
12/07/2008 04:00:00,-390.9087,34.54,15.478,301.73,
12/07/2008 05:00:00,-257.6802,34.53,15.473,301.77,
12/07/2008 06:00:00,-21.6999,34.53,15.467,301.8,
12/07/2008 07:00:00,262.4278,34.53,15.462,301.84,
12/07/2008 08:00:00,409.8646,34.53,15.457,301.87,
12/07/2008 09:00:00,469.9658,34.53,15.451,301.91,
12/07/2008 10:00:00,475.446,34.54,15.446,301.94,
12/07/2008 11:00:00,464.7765,34.54,15.44,301.98,
12/07/2008 12:00:00,524.0244,34.53,15.435,302.01,
12/07/2008 13:00:00,553.5817,34.53,15.43,302.05,
12/07/2008 14:00:00,554.1131,34.53,15.424,302.09,
12/07/2008 15:00:00,542.4296,34.52,15.419,302.12,
12/07/2008 16:00:00,468.0253,34.52,15.413,302.16,
12/07/2008 17:00:00,361.3172,34.52,15.408,302.19,
12/07/2008 18:00:00,223.227,34.52,15.403,302.23,
12/07/2008 19:00:00,20.3446,34.52,15.397,302.26,
12/07/2008 20:00:00,-250.2227,34.52,15.392,302.3,
12/07/2008 21:00:00,-423.2785,34.52,15.386,302.33,
12/07/2008 22:00:00,-487.8599,34.52,15.381,302.37,
12/07/2008 23:00:00,-522.5347,34.53,15.375,302.4,
13/07/2008 00:00:00,-549.0068,34.53,15.37,302.44,
13/07/2008 01:00:00,-554.7584,34.53,15.368,302.46,
13/07/2008 02:00:00,-543.4362,34.53,15.365,302.47,
13/07/2008 03:00:00,-505.2521,34.53,15.362,302.49,
13/07/2008 04:00:00,-448.4613,34.53,15.36,302.5,
13/07/2008 05:00:00,-361.9651,34.53,15.357,302.52,
13/07/2008 06:00:00,-223.8259,34.53,15.355,302.54,
13/07/2008 07:00:00,-6.0668,34.53,15.353,302.55,
13/07/2008 08:00:00,290.9946,34.53,15.35,302.57,
13/07/2008 09:00:00,473.593,34.53,15.348,302.59,
13/07/2008 10:00:00,553.5585,34.53,15.345,302.6,
13/07/2008 11:00:00,595.533,34.53,15.342,302.62,
13/07/2008 12:00:00,623.4124,34.53,15.34,302.63,
13/07/2008 13:00:00,658.6642,34.53,15.338,302.65,
13/07/2008 14:00:00,654.264,34.53,15.335,302.67,
13/07/2008 15:00:00,609.2598,34.53,15.333,302.68,
13/07/2008 16:00:00,544.3245,34.53,15.33,302.7,
13/07/2008 17:00:00,422.8306,34.53,15.327,302.72,
13/07/2008 18:00:00,250.3179,34.53,15.325,302.73,
13/07/2008 19:00:00,47.3827,34.53,15.323,302.75,
13/07/2008 20:00:00,-253.3099,34.53,15.32,302.77,
13/07/2008 21:00:00,-452.1035,34.53,15.318,302.78,
13/07/2008 22:00:00,-501.8947,34.53,15.315,302.8,
13/07/2008 23:00:00,-535.7585,34.53,15.312,302.81,
14/07/2008 00:00:00,-553.4279,34.53,15.31,302.83,
14/07/2008 01:00:00,-559.9919,34.54,15.31,302.83,
14/07/2008 02:00:00,-580.8235,34.54,15.311,302.83,
14/07/2008 03:00:00,-564.644,34.54,15.311,302.82,
14/07/2008 04:00:00,-536.142,34.54,15.312,302.82,
14/07/2008 05:00:00,-496.9734,34.54,15.312,302.82,
14/07/2008 06:00:00,-398.387,34.54,15.313,302.82,
14/07/2008 07:00:00,-239.4617,34.54,15.313,302.82,
14/07/2008 08:00:00,1.8097,34.54,15.313,302.82,
14/07/2008 09:00:00,329.2975,34.54,15.314,302.82,
14/07/2008 10:00:00,488.3399,34.54,15.314,302.81,
14/07/2008 11:00:00,545.219,34.54,15.315,302.81,
14/07/2008 12:00:00,627.5223,34.54,15.315,302.81,
14/07/2008 13:00:00,643.8067,34.54,15.315,302.81,
14/07/2008 14:00:00,640.3301,34.54,15.316,302.81,
14/07/2008 15:00:00,596.5232,34.54,15.316,302.81,
14/07/2008 16:00:00,507.7137,34.54,15.317,302.8,
14/07/2008 17:00:00,378.7335,34.54,15.317,302.8,
14/07/2008 18:00:00,187.939,34.54,15.318,302.8,
14/07/2008 19:00:00,-137.9621,34.54,15.318,302.8,
14/07/2008 20:00:00,-448.0559,34.54,15.318,302.8,
14/07/2008 21:00:00,-556.4507,34.55,15.319,302.8,
14/07/2008 22:00:00,-614.7132,34.55,15.319,302.79,
14/07/2008 23:00:00,-663.5736,34.55,15.32,302.79,
15/07/2008 00:00:00,-687.7078,34.55,15.32,302.79,
15/07/2008 01:00:00,-682.785,34.55,15.311,302.85,
15/07/2008 02:00:00,-722.4556,34.55,15.302,302.91,
15/07/2008 03:00:00,-740.2803,34.55,15.293,302.97,
15/07/2008 04:00:00,-750.4327,34.55,15.283,303.03,
15/07/2008 05:00:00,-744.6791,34.55,15.274,303.09,
15/07/2008 06:00:00,-694.2266,34.55,15.265,303.15,
15/07/2008 07:00:00,-626.345,34.55,15.256,303.21,
15/07/2008 08:00:00,-489.4785,34.54,15.247,303.27,
15/07/2008 09:00:00,-241.6959,34.53,15.237,303.33,
15/07/2008 10:00:00,158.4586,34.53,15.228,303.39,
15/07/2008 11:00:00,598.0352,34.52,15.219,303.45,
15/07/2008 12:00:00,750.537,34.51,15.21,303.51,
15/07/2008 13:00:00,1039.3887,34.51,15.201,303.57,
15/07/2008 14:00:00,1104.4917,34.51,15.192,303.63,
15/07/2008 15:00:00,1046.0819,34.5,15.183,303.69,
15/07/2008 16:00:00,1009.091,34.5,15.173,303.75,
15/07/2008 17:00:00,865.6533,34.49,15.164,303.81,
15/07/2008 18:00:00,701.985,34.49,15.155,303.87,
15/07/2008 19:00:00,571.7385,34.49,15.146,303.93,
15/07/2008 20:00:00,334.2701,34.49,15.137,303.99,
15/07/2008 21:00:00,-32.4993,34.5,15.128,304.05,
15/07/2008 22:00:00,-336.4841,34.5,15.118,304.11,
15/07/2008 23:00:00,-477.18,34.5,15.109,304.17,
16/07/2008 00:00:00,-477.1474,34.51,15.1,304.23,
16/07/2008 01:00:00,-419.5293,34.51,15.098,304.24,
16/07/2008 02:00:00,-428.8364,34.52,15.097,304.25,
16/07/2008 03:00:00,-520.1205,34.52,15.095,304.26,
16/07/2008 04:00:00,-566.7467,34.51,15.093,304.27,
16/07/2008 05:00:00,-576.2811,34.51,15.092,304.28,
16/07/2008 06:00:00,-556.6614,34.51,15.09,304.29,
16/07/2008 07:00:00,-476.752,34.51,15.088,304.3,
16/07/2008 08:00:00,-316.8599,34.51,15.087,304.31,
16/07/2008 09:00:00,-50.6926,34.51,15.085,304.32,
16/07/2008 10:00:00,359.0623,34.51,15.083,304.33,
16/07/2008 11:00:00,614.7179,34.5,15.082,304.34,
16/07/2008 12:00:00,756.9083,34.5,15.08,304.35,
16/07/2008 13:00:00,910.5033,34.5,15.078,304.35,
16/07/2008 14:00:00,939.1294,34.5,15.077,304.36,
16/07/2008 15:00:00,906.5951,34.5,15.075,304.37,
16/07/2008 16:00:00,852.4471,34.5,15.073,304.38,
16/07/2008 17:00:00,768.9432,34.5,15.072,304.39,
16/07/2008 18:00:00,606.679,34.49,15.07,304.4,
16/07/2008 19:00:00,437.9824,34.5,15.068,304.41,
16/07/2008 20:00:00,177.5228,34.5,15.067,304.42,
16/07/2008 21:00:00,-261.124,34.5,15.065,304.43,
16/07/2008 22:00:00,-496.4765,34.5,15.063,304.44,
16/07/2008 23:00:00,-573.941,34.5,15.062,304.45,
17/07/2008 00:00:00,-576.155,34.50041339,15.06,304.46,
17/07/2008 01:00:00,-502.1201,34.50124018,15.075,304.37,
17/07/2008 02:00:00,-488.1919,34.50206697,15.089,304.27,
17/07/2008 03:00:00,-526.8391,34.50289376,15.104,304.18,
17/07/2008 04:00:00,-569.4377,34.50372055,15.118,304.08,
17/07/2008 05:00:00,-657.7416,34.50454733,15.133,303.99,
17/07/2008 06:00:00,-672.2092,34.50537412,15.148,303.89,
17/07/2008 07:00:00,-643.7775,34.50620091,15.162,303.8,
17/07/2008 08:00:00,-575.0275,34.5070277,15.177,303.71,
17/07/2008 09:00:00,-404.0206,34.50785449,15.191,303.61,
17/07/2008 10:00:00,-133.3198,34.50868127,15.206,303.52,
17/07/2008 11:00:00,314.0254,34.50950806,15.22,303.42,
17/07/2008 12:00:00,690.0167,34.51033485,15.235,303.33,
17/07/2008 13:00:00,841.4263,34.51116164,15.25,303.24,
17/07/2008 14:00:00,906.3713,34.51198842,15.264,303.14,
17/07/2008 15:00:00,921.5524,34.51281521,15.279,303.05,
17/07/2008 16:00:00,878.6008,34.513642,15.293,302.95,
17/07/2008 17:00:00,775.9244,34.51446879,15.308,302.86,
17/07/2008 18:00:00,616.7469,34.51529558,15.323,302.76,
17/07/2008 19:00:00,441.6926,34.51612236,15.337,302.67,
17/07/2008 20:00:00,206.6442,34.51694915,15.352,302.58,
17/07/2008 21:00:00,-157.8746,34.51777594,15.366,302.48,
17/07/2008 22:00:00,-554.5658,34.51860273,15.381,302.39,
17/07/2008 23:00:00,-679.465,34.51942952,15.395,302.29,
18/07/2008 00:00:00,-678.5746,34.5202563,15.41,302.2,
18/07/2008 01:00:00,-553.1622,34.52108309,15.401,302.26,
18/07/2008 02:00:00,-419.4089,34.52190988,15.392,302.31,
18/07/2008 03:00:00,-430.3592,34.52273667,15.384,302.37,
18/07/2008 04:00:00,-439.28,34.52356346,15.375,302.42,
18/07/2008 05:00:00,-545.399,34.52439024,15.366,302.48,
18/07/2008 06:00:00,-659.4202,34.52521703,15.358,302.53,
18/07/2008 07:00:00,-747.6882,34.52604382,15.349,302.59,
18/07/2008 08:00:00,-767.1286,34.52687061,15.34,302.64,
18/07/2008 09:00:00,-662.5272,34.5276974,15.331,302.7,
18/07/2008 10:00:00,-420.096,34.52852418,15.323,302.75,
18/07/2008 11:00:00,37.4961,34.52935097,15.314,302.81,
18/07/2008 12:00:00,523.4354,34.53017776,15.305,302.87,
18/07/2008 13:00:00,970.3095,34.53100455,15.296,302.92,
18/07/2008 14:00:00,1082.1583,34.53183134,15.287,302.98,
18/07/2008 15:00:00,1120.9729,34.53265812,15.279,303.03,
18/07/2008 16:00:00,1148.5137,34.53348491,15.27,303.09,
18/07/2008 17:00:00,1020.7609,34.5343117,15.261,303.14,
18/07/2008 18:00:00,938.7931,34.53513849,15.252,303.2,
18/07/2008 19:00:00,873.3297,34.53596527,15.244,303.25,
18/07/2008 20:00:00,732.5565,34.53679206,15.235,303.31,
18/07/2008 21:00:00,624.9512,34.53761885,15.226,303.36,
18/07/2008 22:00:00,507.4818,34.53844564,15.218,303.42,
18/07/2008 23:00:00,375.2261,34.53927243,15.209,303.47,
19/07/2008 00:00:00,212.3151,34.3,15.2,303.53,
19/07/2008 01:00:00,24.0499,34.3,15.176,303.69,
19/07/2008 02:00:00,-71.1394,34.3,15.152,303.85,
19/07/2008 03:00:00,-65.3557,34.3,15.128,304.01,
19/07/2008 04:00:00,-146.7139,34.3,15.103,304.16,
19/07/2008 05:00:00,-299.1866,34.3,15.079,304.32,
19/07/2008 06:00:00,-448.7552,34.3,15.055,304.48,
19/07/2008 07:00:00,-518.9609,34.3,15.031,304.64,
19/07/2008 08:00:00,-525.3507,34.3,15.007,304.8,
19/07/2008 09:00:00,-424.5094,34.3,14.983,304.95,
19/07/2008 10:00:00,-291.5577,34.3,14.958,305.11,
19/07/2008 11:00:00,-49.6963,34.3,14.934,305.27,
19/07/2008 12:00:00,490.9312,34.3,14.91,305.43,
19/07/2008 13:00:00,750.1628,34.3,14.886,305.59,
19/07/2008 14:00:00,893.704,34.3,14.862,305.75,
19/07/2008 15:00:00,959.8988,34.3,14.837,305.9,
19/07/2008 16:00:00,939.834,34.3,14.813,306.06,
19/07/2008 17:00:00,901.449,34.3,14.789,306.22,
19/07/2008 18:00:00,801.5969,34.3,14.765,306.38,
19/07/2008 19:00:00,650.6354,34.3,14.741,306.54,
19/07/2008 20:00:00,499.3094,34.3,14.717,306.7,
19/07/2008 21:00:00,303.8931,34.3,14.692,306.86,
19/07/2008 22:00:00,8.696,34.3,14.668,307.01,
19/07/2008 23:00:00,-299.9934,34.3,14.644,307.17,
20/07/2008 00:00:00,-378.4312,34.3,14.62,307.33,
20/07/2008 01:00:00,-326.1466,34.3,14.627,307.28,
20/07/2008 02:00:00,-195.2688,34.3,14.634,307.24,
20/07/2008 03:00:00,-40.7569,34.3,14.641,307.19,
20/07/2008 04:00:00,-9.5207,34.3,14.648,307.14,
20/07/2008 05:00:00,-184.1575,34.3,14.655,307.09,
20/07/2008 06:00:00,-428.1669,34.3,14.663,307.05,
20/07/2008 07:00:00,-560.5189,34.3,14.67,307,
20/07/2008 08:00:00,-578.8402,34.3,14.677,306.95,
20/07/2008 09:00:00,-548.7524,34.3,14.684,306.91,
20/07/2008 10:00:00,-460.7803,34.3,14.691,306.86,
20/07/2008 11:00:00,-305.1964,34.3,14.698,306.81,
20/07/2008 12:00:00,74.1637,34.3,14.705,306.76,
20/07/2008 13:00:00,556.8232,34.3,14.712,306.72,
20/07/2008 14:00:00,759.0391,34.3,14.719,306.67,
20/07/2008 15:00:00,849.6547,34.3,14.726,306.62,
20/07/2008 16:00:00,870.5638,34.3,14.733,306.58,
20/07/2008 17:00:00,828.7753,34.3,14.74,306.53,
20/07/2008 18:00:00,746.0554,34.3,14.747,306.48,
20/07/2008 19:00:00,609.312,34.3,14.755,306.44,
20/07/2008 20:00:00,427.5086,34.3,14.762,306.39,
20/07/2008 21:00:00,200.6812,34.3,14.769,306.34,
20/07/2008 22:00:00,-133.3565,34.3,14.776,306.29,
20/07/2008 23:00:00,-426.8248,34.3,14.783,306.25,
21/07/2008 00:00:00,-462.2599,34.3,14.79,306.2,
21/07/2008 01:00:00,-387.156,34.3,14.801,306.13,
21/07/2008 02:00:00,-291.1063,34.3,14.813,306.06,
21/07/2008 03:00:00,-146.7892,34.3,14.824,305.99,
21/07/2008 04:00:00,-19.185,34.3,14.835,305.91,
21/07/2008 05:00:00,-62.6282,34.3,14.846,305.84,
21/07/2008 06:00:00,-287.69,34.3,14.858,305.77,
21/07/2008 07:00:00,-498.6217,34.3,14.869,305.7,
21/07/2008 08:00:00,-588.7269,34.3,14.88,305.63,
21/07/2008 09:00:00,-582.4571,34.3,14.891,305.56,
21/07/2008 10:00:00,-502.847,34.3,14.902,305.48,
21/07/2008 11:00:00,-365.5661,34.3,14.914,305.41,
21/07/2008 12:00:00,-104.3795,34.3,14.925,305.34,
21/07/2008 13:00:00,366.9313,34.3,14.936,305.27,
21/07/2008 14:00:00,669.0059,34.3,14.948,305.2,
21/07/2008 15:00:00,780.6046,34.3,14.959,305.13,
21/07/2008 16:00:00,821.8618,34.3,14.97,305.05,
21/07/2008 17:00:00,793.6868,34.3,14.981,304.98,
21/07/2008 18:00:00,717.7081,34.3,14.993,304.91,
21/07/2008 19:00:00,582.7908,34.3,15.004,304.84,
21/07/2008 20:00:00,399.3477,34.3,15.015,304.77,
21/07/2008 21:00:00,162.1729,34.3,15.026,304.69,
21/07/2008 22:00:00,-176.9617,34.3,15.037,304.62,
21/07/2008 23:00:00,-423.779,34.3,15.049,304.55,
22/07/2008 00:00:00,-454.1892,34.3,15.06,304.48,
22/07/2008 01:00:00,-402.7173,34.3,15.059,304.48,
22/07/2008 02:00:00,-284.3842,34.3,15.058,304.49,
22/07/2008 03:00:00,-92.8517,34.3,15.058,304.5,
22/07/2008 04:00:00,108.2318,34.3,15.057,304.5,
22/07/2008 05:00:00,174.0251,34.3,15.056,304.51,
22/07/2008 06:00:00,31.2443,34.3,15.055,304.51,
22/07/2008 07:00:00,-294.2359,34.3,15.054,304.51,
22/07/2008 08:00:00,-521.0947,34.3,15.053,304.52,
22/07/2008 09:00:00,-556.1343,34.3,15.052,304.53,
22/07/2008 10:00:00,-541.1688,34.3,15.052,304.53,
22/07/2008 11:00:00,-470.4059,34.3,15.051,304.54,
22/07/2008 12:00:00,-277.8987,34.3,15.05,304.54,
22/07/2008 13:00:00,-29.9836,34.3,15.049,304.54,
22/07/2008 14:00:00,346.8332,34.3,15.048,304.55,
22/07/2008 15:00:00,613.6506,34.3,15.047,304.56,
22/07/2008 16:00:00,684.3483,34.3,15.047,304.56,
22/07/2008 17:00:00,681.0641,34.3,15.046,304.57,
22/07/2008 18:00:00,587.4901,34.3,15.045,304.57,
22/07/2008 19:00:00,440.9285,34.3,15.044,304.57,
22/07/2008 20:00:00,230.5685,34.3,15.043,304.58,
22/07/2008 21:00:00,-137.8089,34.3,15.043,304.59,
22/07/2008 22:00:00,-454.9373,34.3,15.042,304.59,
22/07/2008 23:00:00,-546.7302,34.3,15.041,304.6,
23/07/2008 00:00:00,-555.6872,34.3,15.04,304.6,
23/07/2008 01:00:00,-516.6116,34.3,15.043,304.58,
23/07/2008 02:00:00,-416.4056,34.3,15.046,304.56,
23/07/2008 03:00:00,-256.7153,34.3,15.049,304.54,
23/07/2008 04:00:00,-60.7108,34.3,15.052,304.52,
23/07/2008 05:00:00,128.1699,34.3,15.055,304.5,
23/07/2008 06:00:00,156.4863,34.3,15.057,304.48,
23/07/2008 07:00:00,-55.7404,34.3,15.06,304.46,
23/07/2008 08:00:00,-367.5238,34.3,15.063,304.44,
23/07/2008 09:00:00,-508.5098,34.3,15.066,304.42,
23/07/2008 10:00:00,-499.6401,34.3,15.069,304.4,
23/07/2008 11:00:00,-380.9952,34.3,15.072,304.38,
23/07/2008 12:00:00,-210.3835,34.3,15.075,304.36,
23/07/2008 13:00:00,327.2349,34.3,15.078,304.34,
23/07/2008 14:00:00,661.0071,34.3,15.081,304.32,
23/07/2008 15:00:00,856.7657,34.3,15.084,304.3,
23/07/2008 16:00:00,899.3586,34.3,15.087,304.28,
23/07/2008 17:00:00,836.864,34.3,15.09,304.26,
23/07/2008 18:00:00,747.0071,34.3,15.092,304.24,
23/07/2008 19:00:00,624.4851,34.3,15.095,304.22,
23/07/2008 20:00:00,419.7377,34.3,15.098,304.2,
23/07/2008 21:00:00,247.1579,34.3,15.101,304.18,
23/07/2008 22:00:00,-76.8118,34.3,15.104,304.16,
23/07/2008 23:00:00,-422.3978,34.3,15.107,304.14,
24/07/2008 00:00:00,-445.8265,34.3,15.11851502,304.12,
24/07/2008 01:00:00,-413.4421,34.24833333,15.13003004,303.96,
24/07/2008 02:00:00,-268.4641,34.19666667,15.14154506,303.8,
24/07/2008 03:00:00,0.7797,34.145,15.15306009,303.64,
24/07/2008 04:00:00,265.1852,34.09333333,15.16457511,303.48,
24/07/2008 05:00:00,424.1053,34.04166667,15.17609013,303.32,
24/07/2008 06:00:00,482.7991,33.99,15.18760515,303.16,
24/07/2008 07:00:00,379.0758,33.93833333,15.19912017,303,
24/07/2008 08:00:00,266.1543,33.88666667,15.21063519,302.84,
24/07/2008 09:00:00,152.48,33.835,15.22215021,302.68,
24/07/2008 10:00:00,-30.6218,33.78333333,15.23366524,302.52,
24/07/2008 11:00:00,-131.9529,33.73166667,15.24518026,302.36,
24/07/2008 12:00:00,-36.875,33.68,15.25669528,302.2,
24/07/2008 13:00:00,121.7172,33.62833333,15.2682103,302.04,
24/07/2008 14:00:00,319.1376,33.57666667,15.27972532,301.88,
24/07/2008 15:00:00,372.064,33.525,15.29124034,301.72,
24/07/2008 16:00:00,383.6099,33.47333333,15.30275536,301.56,
24/07/2008 17:00:00,445.6506,33.42166667,15.31427039,301.4,
24/07/2008 18:00:00,417.6408,33.37,15.32578541,301.24,
24/07/2008 19:00:00,284.7051,33.31833333,15.33730043,301.08,
24/07/2008 20:00:00,96.8675,33.26666667,15.34881545,300.92,
24/07/2008 21:00:00,-239.0938,33.215,15.36033047,300.76,
24/07/2008 22:00:00,-456.9241,33.16333333,15.37184549,300.6,
24/07/2008 23:00:00,-493.2764,33.11166667,15.38336052,300.44,
25/07/2008 00:00:00,-501.5579,33.06,15.39487554,300.28,
25/07/2008 01:00:00,-451.6324,33.00833333,15.40639056,300.34,
25/07/2008 02:00:00,-361.4028,32.95666667,15.41790558,300.41,
25/07/2008 03:00:00,-245.2399,32.905,15.4294206,300.47,
25/07/2008 04:00:00,6.1445,32.85333333,15.44093562,300.54,
25/07/2008 05:00:00,337.4833,32.80166667,15.45245064,300.6,
25/07/2008 06:00:00,478.4124,32.75,15.46396567,300.67,
25/07/2008 07:00:00,484.5288,32.69833333,15.47548069,300.73,
25/07/2008 08:00:00,422.616,32.64666667,15.48699571,300.8,
25/07/2008 09:00:00,357.4622,32.595,15.49851073,300.86,
25/07/2008 10:00:00,320.3431,32.54333333,15.51002575,300.93,
25/07/2008 11:00:00,263.1816,32.49166667,15.52154077,300.99,
25/07/2008 12:00:00,219.7687,32.44,15.53305579,301.05,
25/07/2008 13:00:00,239.4307,32.38833333,15.54457082,301.12,
25/07/2008 14:00:00,221.3556,32.33666667,15.55608584,301.18,
25/07/2008 15:00:00,208.7095,32.285,15.56760086,301.25,
25/07/2008 16:00:00,265.9014,32.23333333,15.57911588,301.31,
25/07/2008 17:00:00,278.4958,32.18166667,15.5906309,301.38,
25/07/2008 18:00:00,217.4645,32.13,15.60214592,301.44,
25/07/2008 19:00:00,103.1915,32.07833333,15.61366094,301.51,
25/07/2008 20:00:00,-102.7127,32.02666667,15.62517597,301.57,
25/07/2008 21:00:00,-365.6711,31.975,15.63669099,301.64,
25/07/2008 22:00:00,-497.8387,31.92333333,15.64820601,301.7,
25/07/2008 23:00:00,-579.9835,31.87166667,15.65972103,301.77,
26/07/2008 00:00:00,-582.7898,31.82,15.67123605,301.83,
26/07/2008 01:00:00,-492.2454,31.76833333,15.68275107,301.83,
26/07/2008 02:00:00,-457.761,31.71666667,15.69426609,301.83,
26/07/2008 03:00:00,-375.2455,31.665,15.70578112,301.83,
26/07/2008 04:00:00,-195.8612,31.61333333,15.71729614,301.83,
26/07/2008 05:00:00,59.5154,31.56166667,15.72881116,301.83,
26/07/2008 06:00:00,399.81,31.51,15.74032618,301.83,
26/07/2008 07:00:00,534.1323,31.45833333,15.7518412,301.83,
26/07/2008 08:00:00,532.5364,31.40666667,15.76335622,301.83,
26/07/2008 09:00:00,538.3688,31.355,15.77487124,301.83,
26/07/2008 10:00:00,506.2181,31.30333333,15.78638627,301.83,
26/07/2008 11:00:00,484.7589,31.25166667,15.79790129,301.83,
26/07/2008 12:00:00,509.3889,31.2,15.80941631,301.83,
26/07/2008 13:00:00,469.0396,31.14833333,15.82093133,301.83,
26/07/2008 14:00:00,411.1223,31.09666667,15.83244635,301.83,
26/07/2008 15:00:00,318.5891,31.045,15.84396137,301.83,
26/07/2008 16:00:00,166.195,30.99333333,15.85547639,301.83,
26/07/2008 17:00:00,21.5905,30.94166667,15.86699142,301.83,
26/07/2008 18:00:00,-152.2844,30.89,15.87850644,301.83,
26/07/2008 19:00:00,-291.0308,30.83833333,15.89002146,301.83,
26/07/2008 20:00:00,-360.0201,30.78666667,15.90153648,301.83,
26/07/2008 21:00:00,-472.5945,30.735,15.9130515,301.83,
26/07/2008 22:00:00,-559.6453,30.68333333,15.92456652,301.83,
26/07/2008 23:00:00,-591.3907,30.63166667,15.93608155,301.83,
27/07/2008 00:00:00,-584.673,30.58,15.94759657,301.83,
27/07/2008 01:00:00,-600.4315,30.52833333,15.95911159,301.85,
27/07/2008 02:00:00,-590.9273,30.47666667,15.97062661,301.87,
27/07/2008 03:00:00,-528.6009,30.425,15.98214163,301.89,
27/07/2008 04:00:00,-431.7014,30.37333333,15.99365665,301.91,
27/07/2008 05:00:00,-291.6118,30.32166667,16.00517167,301.93,
27/07/2008 06:00:00,-43.6737,30.27,16.0166867,301.95,
27/07/2008 07:00:00,354.9385,30.21833333,16.02820172,301.97,
27/07/2008 08:00:00,537.7322,30.16666667,16.03971674,301.99,
27/07/2008 09:00:00,574.6371,30.115,16.05123176,302.01,
27/07/2008 10:00:00,616.0435,30.06333333,16.06274678,302.03,
27/07/2008 11:00:00,602.3749,30.01166667,16.0742618,302.05,
27/07/2008 12:00:00,618.9671,29.96,16.08577682,302.07,
27/07/2008 13:00:00,686.0136,29.90833333,16.09729185,302.09,
27/07/2008 14:00:00,646.7048,29.85666667,16.10880687,302.11,
27/07/2008 15:00:00,528.7154,29.805,16.12032189,302.13,
27/07/2008 16:00:00,419.9406,29.75333333,16.13183691,302.15,
27/07/2008 17:00:00,258.0044,29.70166667,16.14335193,302.17,
27/07/2008 18:00:00,48.8309,29.65,16.15486695,302.19,
27/07/2008 19:00:00,-262.4564,29.59833333,16.16638197,302.21,
27/07/2008 20:00:00,-449.6545,29.54666667,16.177897,302.23,
27/07/2008 21:00:00,-515.6159,29.495,16.18941202,302.25,
27/07/2008 22:00:00,-572.8605,29.44333333,16.20092704,302.27,
27/07/2008 23:00:00,-606.8759,29.39166667,16.21244206,302.29,
28/07/2008 00:00:00,-604.0281,29.34,16.22395708,302.31,
28/07/2008 01:00:00,-596.8333,29.28833333,16.2354721,302.32,
28/07/2008 02:00:00,-549.8779,29.23666667,16.24698712,302.34,
28/07/2008 03:00:00,-513.5876,29.185,16.25850215,302.35,
28/07/2008 04:00:00,-455.804,29.13333333,16.27001717,302.36,
28/07/2008 05:00:00,-385.9689,29.08166667,16.28153219,302.38,
28/07/2008 06:00:00,-252.7462,29.03,16.29304721,302.39,
28/07/2008 07:00:00,37.7452,28.97833333,16.30456223,302.4,
28/07/2008 08:00:00,393.3704,28.92666667,16.31607725,302.42,
28/07/2008 09:00:00,612.6955,28.875,16.32759227,302.43,
28/07/2008 10:00:00,804.2791,28.82333333,16.3391073,302.44,
28/07/2008 11:00:00,880.1393,28.77166667,16.35062232,302.46,
28/07/2008 12:00:00,918.8138,28.72,16.36213734,302.47,
28/07/2008 13:00:00,976.8369,28.66833333,16.37365236,302.48,
28/07/2008 14:00:00,955.0547,28.61666667,16.38516738,302.5,
28/07/2008 15:00:00,890.1464,28.565,16.3966824,302.51,
28/07/2008 16:00:00,788.1682,28.51333333,16.40819742,302.52,
28/07/2008 17:00:00,599.7537,28.46166667,16.41971245,302.54,
28/07/2008 18:00:00,375.5896,28.41,16.43122747,302.55,
28/07/2008 19:00:00,125.555,28.35833333,16.44274249,302.56,
28/07/2008 20:00:00,-347.6491,28.30666667,16.45425751,302.58,
28/07/2008 21:00:00,-626.7734,28.255,16.46577253,302.59,
28/07/2008 22:00:00,-638.7194,28.20333333,16.47728755,302.6,
28/07/2008 23:00:00,-650.6569,28.15166667,16.48880258,302.62,
29/07/2008 00:00:00,-605.9999,28.1,16.5003176,302.63,
29/07/2008 01:00:00,-552.3983,28.04833333,16.51183262,302.6,
29/07/2008 02:00:00,-551.6964,27.99666667,16.52334764,302.58,
29/07/2008 03:00:00,-532.0936,27.945,16.53486266,302.55,
29/07/2008 04:00:00,-506.6319,27.89333333,16.54637768,302.53,
29/07/2008 05:00:00,-474.054,27.84166667,16.5578927,302.5,
29/07/2008 06:00:00,-398.5854,27.79,16.56940773,302.48,
29/07/2008 07:00:00,-274.9485,27.73833333,16.58092275,302.45,
29/07/2008 08:00:00,143.795,27.68666667,16.59243777,302.43,
29/07/2008 09:00:00,589.4114,27.635,16.60395279,302.4,
29/07/2008 10:00:00,718.4743,27.58333333,16.61546781,302.38,
29/07/2008 11:00:00,827.7637,27.53166667,16.62698283,302.35,
29/07/2008 12:00:00,912.5266,27.48,16.63849785,302.32,
29/07/2008 13:00:00,949.5704,27.42833333,16.65001288,302.3,
29/07/2008 14:00:00,983.5607,27.37666667,16.6615279,302.27,
29/07/2008 15:00:00,953.7764,27.325,16.67304292,302.25,
29/07/2008 16:00:00,860.3234,27.27333333,16.68455794,302.22,
29/07/2008 17:00:00,720.1957,27.22166667,16.69607296,302.2,
29/07/2008 18:00:00,527.8016,27.17,16.70758798,302.17,
29/07/2008 19:00:00,234.6338,27.11833333,16.719103,302.15,
29/07/2008 20:00:00,-246.3527,27.06666667,16.73061803,302.12,
29/07/2008 21:00:00,-599.9425,27.015,16.74213305,302.1,
29/07/2008 22:00:00,-688.7194,26.96333333,16.75364807,302.07,
29/07/2008 23:00:00,-784.2955,26.91166667,16.76516309,302.05,
30/07/2008 00:00:00,-786.3675,26.86,16.77667811,302.02,
30/07/2008 01:00:00,-745.7504,26.80833333,16.78819313,302.06,
30/07/2008 02:00:00,-723.6077,26.75666667,16.79970815,302.1,
30/07/2008 03:00:00,-684.6165,26.705,16.81122318,302.14,
30/07/2008 04:00:00,-699.7258,26.65333333,16.8227382,302.18,
30/07/2008 05:00:00,-648.9648,26.60166667,16.83425322,302.22,
30/07/2008 06:00:00,-563.0398,26.55,16.84576824,302.26,
30/07/2008 07:00:00,-500.7061,26.49833333,16.85728326,302.31,
30/07/2008 08:00:00,-371.6941,26.44666667,16.86879828,302.35,
30/07/2008 09:00:00,-38.0919,26.395,16.8803133,302.39,
30/07/2008 10:00:00,540.6243,26.34333333,16.89182833,302.43,
30/07/2008 11:00:00,872.617,26.29166667,16.90334335,302.47,
30/07/2008 12:00:00,1009.6835,26.24,16.91485837,302.51,
30/07/2008 13:00:00,1143.2111,26.18833333,16.92637339,302.55,
30/07/2008 14:00:00,1179.1665,26.13666667,16.93788841,302.59,
30/07/2008 15:00:00,1171.8794,26.085,16.94940343,302.63,
30/07/2008 16:00:00,1115.6725,26.03333333,16.96091845,302.67,
30/07/2008 17:00:00,1000.2433,25.98166667,16.97243348,302.71,
30/07/2008 18:00:00,846.8491,25.93,16.9839485,302.76,
30/07/2008 19:00:00,653.1705,25.87833333,16.99546352,302.8,
30/07/2008 20:00:00,368.5184,25.82666667,17.00697854,302.84,
30/07/2008 21:00:00,6.1161,25.775,17.01849356,302.88,
30/07/2008 22:00:00,-338.1141,25.72333333,17.03000858,302.92,
30/07/2008 23:00:00,-527.0587,25.67166667,17.04152361,302.96,
31/07/2008 00:00:00,-509.6286,25.62,17.05303863,303,
31/07/2008 01:00:00,-402.7402,25.56833333,17.06455365,303,
31/07/2008 02:00:00,-414.5718,25.51666667,17.07606867,303,
31/07/2008 03:00:00,-339.5561,25.465,17.08758369,303,
31/07/2008 04:00:00,-266.3886,25.41333333,17.09909871,303,
31/07/2008 05:00:00,-424.91,25.36166667,17.11061373,303,
31/07/2008 06:00:00,-416.4134,25.31,17.12212876,303.01,
31/07/2008 07:00:00,-418.6967,25.25833333,17.13364378,303.01,
31/07/2008 08:00:00,-408.8404,25.20666667,17.1451588,303.01,
31/07/2008 09:00:00,-87.6488,25.155,17.15667382,303.01,
31/07/2008 10:00:00,342.1083,25.10333333,17.16818884,303.01,
31/07/2008 11:00:00,652.726,25.05166667,17.17970386,303.01,
31/07/2008 12:00:00,932.186,25,17.19121888,303.01,*
31/07/2008 13:00:00,1058.1116,24.81132075,17.20273391,303.01,
31/07/2008 14:00:00,1154.651,24.62264151,17.21424893,303.01,
31/07/2008 15:00:00,1155.0243,24.43396226,17.22576395,303.01,
31/07/2008 16:00:00,1109.4077,24.24528302,17.23727897,303.01,
31/07/2008 17:00:00,1049.061,24.05660377,17.24879399,303.01,
31/07/2008 18:00:00,932.2833,23.86792453,17.26030901,303.01,
31/07/2008 19:00:00,766.8483,23.67924528,17.27182403,303.02,
31/07/2008 20:00:00,554.1698,23.49056604,17.28333906,303.02,
31/07/2008 21:00:00,275.6149,23.30188679,17.29485408,303.02,
31/07/2008 22:00:00,-131.0351,23.11320755,17.3063691,303.02,
31/07/2008 23:00:00,-441.6877,22.9245283,17.31788412,303.02,
01/08/2008 00:00:00,-470.1604,22.73584906,17.32939914,303.02,
01/08/2008 01:00:00,-423.8838,22.54716981,17.34091416,303.06,
01/08/2008 02:00:00,-347.0348,22.35849057,17.35242918,303.1,
01/08/2008 03:00:00,-333.765,22.16981132,17.36394421,303.14,
01/08/2008 04:00:00,-379.974,21.98113208,17.37545923,303.19,
01/08/2008 05:00:00,-436.3269,21.79245283,17.38697425,303.23,
01/08/2008 06:00:00,-507.4153,21.60377358,17.39848927,303.27,
01/08/2008 07:00:00,-548.9686,21.41509434,17.41000429,303.31,
01/08/2008 08:00:00,-528.9333,21.22641509,17.42151931,303.35,
01/08/2008 09:00:00,-453.6666,21.03773585,17.43303433,303.39,
01/08/2008 10:00:00,-318.2613,20.8490566,17.44454936,303.44,
01/08/2008 11:00:00,83.6882,20.66037736,17.45606438,303.48,
01/08/2008 12:00:00,693.6177,20.47169811,17.4675794,303.52,
01/08/2008 13:00:00,880.7822,20.28301887,17.47909442,303.56,
01/08/2008 14:00:00,984.0301,20.09433962,17.49060944,303.6,
01/08/2008 15:00:00,1020.2075,19.90566038,17.50212446,303.64,
01/08/2008 16:00:00,983.6084,19.71698113,17.51363948,303.69,
01/08/2008 17:00:00,948.9371,19.52830189,17.52515451,303.73,
01/08/2008 18:00:00,836.1504,19.33962264,17.53666953,303.77,
01/08/2008 19:00:00,695.9741,19.1509434,17.54818455,303.81,
01/08/2008 20:00:00,530.1066,18.96226415,17.55969957,303.85,
01/08/2008 21:00:00,256.5505,18.77358491,17.57121459,303.89,
01/08/2008 22:00:00,-178.9336,18.58490566,17.58272961,303.94,
01/08/2008 23:00:00,-530.8641,18.39622642,17.59424464,303.98,
02/08/2008 00:00:00,-566.5788,18.20754717,17.60575966,304.02,
02/08/2008 01:00:00,-460.0059,18.01886792,17.61727468,304,
02/08/2008 02:00:00,-340.6172,17.83018868,17.6287897,303.98,
02/08/2008 03:00:00,-266.3638,17.64150943,17.64030472,303.97,
02/08/2008 04:00:00,-276.4975,17.45283019,17.65181974,303.95,
02/08/2008 05:00:00,-397.7338,17.26415094,17.66333476,303.93,
02/08/2008 06:00:00,-440.7602,17.0754717,17.67484979,303.91,
02/08/2008 07:00:00,-405.7039,16.88679245,17.68636481,303.9,
02/08/2008 08:00:00,-429.0978,16.69811321,17.69787983,303.88,
02/08/2008 09:00:00,-415.5213,16.50943396,17.70939485,303.86,
02/08/2008 10:00:00,-172.3442,16.32075472,17.72090987,303.85,
02/08/2008 11:00:00,211.3144,16.13207547,17.73242489,303.83,
02/08/2008 12:00:00,545.2361,15.94339623,17.74393991,303.81,
02/08/2008 13:00:00,826.8993,15.75471698,17.75545494,303.79,
02/08/2008 14:00:00,935.4291,15.56603774,17.76696996,303.77,
02/08/2008 15:00:00,1001.2033,15.37735849,17.77848498,303.76,
02/08/2008 16:00:00,1037.584,15.18867925,17.79,303.74,
02/08/2008 17:00:00,971.9711,15,17.78488491,303.72,*
02/08/2008 18:00:00,898.3112,15.05747126,17.77976982,303.71,
02/08/2008 19:00:00,813.1821,15.11494253,17.77465473,303.69,
02/08/2008 20:00:00,643.9678,15.17241379,17.76953964,303.67,
02/08/2008 21:00:00,462.5192,15.22988506,17.76442455,303.65,
02/08/2008 22:00:00,295.3676,15.28735632,17.75930946,303.64,
02/08/2008 23:00:00,35.266,15.34482759,17.75419437,303.62,
03/08/2008 00:00:00,-242.5556,15.40229885,17.74907928,303.6,
03/08/2008 01:00:00,-221.0396,15.45977011,17.74396419,303.62,
03/08/2008 02:00:00,-45.0162,15.51724138,17.7388491,303.64,
03/08/2008 03:00:00,165.6396,15.57471264,17.73373402,303.66,
03/08/2008 04:00:00,217.3329,15.63218391,17.72861893,303.68,
03/08/2008 05:00:00,57.1442,15.68965517,17.72350384,303.7,
03/08/2008 06:00:00,-248.0728,15.74712644,17.71838875,303.72,
03/08/2008 07:00:00,-419.9454,15.8045977,17.71327366,303.74,
03/08/2008 08:00:00,-428.8431,15.86206897,17.70815857,303.76,
03/08/2008 09:00:00,-372.9869,15.91954023,17.70304348,303.78,
03/08/2008 10:00:00,-252.6581,15.97701149,17.69792839,303.8,
03/08/2008 11:00:00,-47.6953,16.03448276,17.6928133,303.82,
03/08/2008 12:00:00,297.2841,16.09195402,17.68769821,303.84,
03/08/2008 13:00:00,609.7574,16.14942529,17.68258312,303.85,
03/08/2008 14:00:00,771.3356,16.20689655,17.67746803,303.87,
03/08/2008 15:00:00,849.1981,16.26436782,17.67235294,303.89,
03/08/2008 16:00:00,866.4781,16.32183908,17.66723785,303.91,
03/08/2008 17:00:00,832.3877,16.37931034,17.66212276,303.93,
03/08/2008 18:00:00,756.7846,16.43678161,17.65700767,303.95,
03/08/2008 19:00:00,655.3066,16.49425287,17.65189258,303.97,
03/08/2008 20:00:00,528.0294,16.55172414,17.64677749,303.99,
03/08/2008 21:00:00,355.2065,16.6091954,17.6416624,304.01,
03/08/2008 22:00:00,143.8458,16.66666667,17.63654731,304.03,
03/08/2008 23:00:00,-135.6759,16.72413793,17.63143223,304.05,
04/08/2008 00:00:00,-302.6855,16.7816092,17.62631714,304.07,
04/08/2008 01:00:00,-213.8678,16.83908046,17.62120205,303.97,
04/08/2008 02:00:00,30.0412,16.89655172,17.61608696,303.87,
04/08/2008 03:00:00,292.1988,16.95402299,17.61097187,303.76,
04/08/2008 04:00:00,338.2284,17.01149425,17.60585678,303.66,
04/08/2008 05:00:00,226.0019,17.06896552,17.60074169,303.56,
04/08/2008 06:00:00,0.754,17.12643678,17.5956266,303.46,
04/08/2008 07:00:00,-278.4691,17.18390805,17.59051151,303.36,
04/08/2008 08:00:00,-375.7679,17.24137931,17.58539642,303.25,
04/08/2008 09:00:00,-332.1075,17.29885057,17.58028133,303.15,
04/08/2008 10:00:00,-273.5273,17.35632184,17.57516624,303.05,
04/08/2008 11:00:00,-209.9077,17.4137931,17.57005115,302.95,
04/08/2008 12:00:00,-7.947,17.47126437,17.56493606,302.85,
04/08/2008 13:00:00,318.9128,17.52873563,17.55982097,302.74,
04/08/2008 14:00:00,532.4589,17.5862069,17.55470588,302.64,
04/08/2008 15:00:00,640.9288,17.64367816,17.54959079,302.54,
04/08/2008 16:00:00,660.7704,17.70114943,17.5444757,302.44,
04/08/2008 17:00:00,603.8779,17.75862069,17.53936061,302.33,
04/08/2008 18:00:00,519.7915,17.81609195,17.53424552,302.23,
04/08/2008 19:00:00,387.4844,17.87356322,17.52913043,302.13,
04/08/2008 20:00:00,190.8849,17.93103448,17.52401535,302.03,
04/08/2008 21:00:00,-35.322,17.98850575,17.51890026,301.93,
04/08/2008 22:00:00,-258.2348,18.04597701,17.51378517,301.82,
04/08/2008 23:00:00,-353.2955,18.10344828,17.50867008,301.72,
05/08/2008 00:00:00,-301.0718,18.16091954,17.50355499,301.62,
05/08/2008 01:00:00,-192.2637,18.2183908,17.4984399,301.63,
05/08/2008 02:00:00,-3.6129,18.27586207,17.49332481,301.65,
05/08/2008 03:00:00,285.9482,18.33333333,17.48820972,301.66,
05/08/2008 04:00:00,375.1524,18.3908046,17.48309463,301.68,
05/08/2008 05:00:00,312.1019,18.44827586,17.47797954,301.69,
05/08/2008 06:00:00,169.5889,18.50574713,17.47286445,301.71,
05/08/2008 07:00:00,-78.0555,18.56321839,17.46774936,301.72,
05/08/2008 08:00:00,-291.2506,18.62068966,17.46263427,301.74,
05/08/2008 09:00:00,-318.2781,18.67816092,17.45751918,301.75,
05/08/2008 10:00:00,-251.5708,18.73563218,17.45240409,301.77,
05/08/2008 11:00:00,-120.6259,18.79310345,17.447289,301.78,
05/08/2008 12:00:00,64.2637,18.85057471,17.44217391,301.8,
05/08/2008 13:00:00,253.7547,18.90804598,17.43705882,301.81,
05/08/2008 14:00:00,392.317,18.96551724,17.43194373,301.82,
05/08/2008 15:00:00,479.3881,19.02298851,17.42682864,301.84,
05/08/2008 16:00:00,514.9298,19.08045977,17.42171355,301.85,
05/08/2008 17:00:00,484.8528,19.13793103,17.41659847,301.87,
05/08/2008 18:00:00,369.8652,19.1954023,17.41148338,301.88,
05/08/2008 19:00:00,181.3318,19.25287356,17.40636829,301.9,
05/08/2008 20:00:00,-98.078,19.31034483,17.4012532,301.91,
05/08/2008 21:00:00,-337.8078,19.36781609,17.39613811,301.93,
05/08/2008 22:00:00,-392.1819,19.42528736,17.39102302,301.94,
05/08/2008 23:00:00,-366.8018,19.48275862,17.38590793,301.96,
06/08/2008 00:00:00,-307.3004,19.54022989,17.38079284,301.97,
06/08/2008 01:00:00,-216.3002,19.59770115,17.37567775,301.94,
06/08/2008 02:00:00,-56.2137,19.65517241,17.37056266,301.91,
06/08/2008 03:00:00,192.8805,19.71264368,17.36544757,301.88,
06/08/2008 04:00:00,389.0837,19.77011494,17.36033248,301.86,
06/08/2008 05:00:00,421.8021,19.82758621,17.35521739,301.83,
06/08/2008 06:00:00,338.6968,19.88505747,17.3501023,301.8,
06/08/2008 07:00:00,183.8152,19.94252874,17.34498721,301.77,
06/08/2008 08:00:00,-6.8405,20,17.33987212,301.74,
06/08/2008 09:00:00,-161.774,20.05747126,17.33475703,301.71,
06/08/2008 10:00:00,-154.6161,20.11494253,17.32964194,301.68,
06/08/2008 11:00:00,-10.4884,20.17241379,17.32452685,301.65,
06/08/2008 12:00:00,163.2572,20.22988506,17.31941176,301.63,
06/08/2008 13:00:00,275.4814,20.28735632,17.31429668,301.6,
06/08/2008 14:00:00,324.5137,20.34482759,17.30918159,301.57,
06/08/2008 15:00:00,352.1358,20.40229885,17.3040665,301.54,
06/08/2008 16:00:00,395.7899,20.45977011,17.29895141,301.51,
06/08/2008 17:00:00,372.996,20.51724138,17.29383632,301.48,
06/08/2008 18:00:00,230.7966,20.57471264,17.28872123,301.45,
06/08/2008 19:00:00,0.5376,20.63218391,17.28360614,301.42,
06/08/2008 20:00:00,-327.6573,20.68965517,17.27849105,301.39,
06/08/2008 21:00:00,-495.9633,20.74712644,17.27337596,301.37,
06/08/2008 22:00:00,-498.6177,20.8045977,17.26826087,301.34,
06/08/2008 23:00:00,-465.0343,20.86206897,17.26314578,301.31,
07/08/2008 00:00:00,-394.1642,20.91954023,17.25803069,301.28,
07/08/2008 01:00:00,-292.3957,20.97701149,17.2529156,301.3,
07/08/2008 02:00:00,-160.0669,21.03448276,17.24780051,301.31,
07/08/2008 03:00:00,88.7087,21.09195402,17.24268542,301.33,
07/08/2008 04:00:00,352.5754,21.14942529,17.23757033,301.35,
07/08/2008 05:00:00,447.043,21.20689655,17.23245524,301.37,
07/08/2008 06:00:00,434.1948,21.26436782,17.22734015,301.38,
07/08/2008 07:00:00,365.5026,21.32183908,17.22222506,301.4,
07/08/2008 08:00:00,251.9354,21.37931034,17.21710997,301.42,
07/08/2008 09:00:00,142.5811,21.43678161,17.21199488,301.43,
07/08/2008 10:00:00,94.0749,21.49425287,17.2068798,301.45,
07/08/2008 11:00:00,147.0701,21.55172414,17.20176471,301.47,
07/08/2008 12:00:00,214.2178,21.6091954,17.19664962,301.49,
07/08/2008 13:00:00,253.0636,21.66666667,17.19153453,301.5,
07/08/2008 14:00:00,282.5066,21.72413793,17.18641944,301.52,
07/08/2008 15:00:00,276.6115,21.7816092,17.18130435,301.54,
07/08/2008 16:00:00,283.6085,21.83908046,17.17618926,301.55,
07/08/2008 17:00:00,264.1392,21.89655172,17.17107417,301.57,
07/08/2008 18:00:00,157.8638,21.95402299,17.16595908,301.59,
07/08/2008 19:00:00,-98.0244,22.01149425,17.16084399,301.6,
07/08/2008 20:00:00,-402.0042,22.06896552,17.1557289,301.62,
07/08/2008 21:00:00,-530.8091,22.12643678,17.15061381,301.64,
07/08/2008 22:00:00,-553.8188,22.18390805,17.14549872,301.66,
07/08/2008 23:00:00,-528.0535,22.24137931,17.14038363,301.67,
08/08/2008 00:00:00,-467.6898,22.29885057,17.13526854,301.69,
08/08/2008 01:00:00,-371.0392,22.35632184,17.13015345,301.74,
08/08/2008 02:00:00,-246.1557,22.4137931,17.12503836,301.8,
08/08/2008 03:00:00,-39.9424,22.47126437,17.11992327,301.85,
08/08/2008 04:00:00,246.335,22.52873563,17.11480818,301.9,
08/08/2008 05:00:00,425.5209,22.5862069,17.10969309,301.95,
08/08/2008 06:00:00,466.377,22.64367816,17.10457801,302.01,
08/08/2008 07:00:00,429.8584,22.70114943,17.09946292,302.06,
08/08/2008 08:00:00,368.1274,22.75862069,17.09434783,302.11,
08/08/2008 09:00:00,294.5314,22.81609195,17.08923274,302.16,
08/08/2008 10:00:00,263.1017,22.87356322,17.08411765,302.21,
08/08/2008 11:00:00,296.2726,22.93103448,17.07900256,302.27,
08/08/2008 12:00:00,313.6631,22.98850575,17.07388747,302.32,
08/08/2008 13:00:00,331.3053,23.04597701,17.06877238,302.37,
08/08/2008 14:00:00,326.2386,23.10344828,17.06365729,302.43,
08/08/2008 15:00:00,302.6533,23.16091954,17.0585422,302.48,
08/08/2008 16:00:00,261.8611,23.2183908,17.05342711,302.53,
08/08/2008 17:00:00,223.3737,23.27586207,17.04831202,302.58,
08/08/2008 18:00:00,124.5098,23.33333333,17.04319693,302.63,
08/08/2008 19:00:00,-142.1028,23.3908046,17.03808184,302.69,
08/08/2008 20:00:00,-401.718,23.44827586,17.03296675,302.74,
08/08/2008 21:00:00,-537.2725,23.50574713,17.02785166,302.79,
08/08/2008 22:00:00,-581.3623,23.56321839,17.02273657,302.84,
08/08/2008 23:00:00,-576.0154,23.62068966,17.01762148,302.9,
09/08/2008 00:00:00,-536.9005,23.67816092,17.01250639,302.95,
09/08/2008 01:00:00,-436.1414,23.73563218,17.0073913,303.01,
09/08/2008 02:00:00,-313.9178,23.79310345,17.00227621,303.07,
09/08/2008 03:00:00,-146.0663,23.85057471,16.99716113,303.13,
09/08/2008 04:00:00,135.5984,23.90804598,16.99204604,303.19,
09/08/2008 05:00:00,362.7362,23.96551724,16.98693095,303.25,
09/08/2008 06:00:00,415.6543,24.02298851,16.98181586,303.3,
09/08/2008 07:00:00,439.7029,24.08045977,16.97670077,303.36,
09/08/2008 08:00:00,392.8764,24.13793103,16.97158568,303.42,
09/08/2008 09:00:00,361.1527,24.1954023,16.96647059,303.48,
09/08/2008 10:00:00,315.7575,24.25287356,16.9613555,303.54,
09/08/2008 11:00:00,293.9142,24.31034483,16.95624041,303.6,
09/08/2008 12:00:00,361.1841,24.36781609,16.95112532,303.66,
09/08/2008 13:00:00,369.2968,24.42528736,16.94601023,303.72,
09/08/2008 14:00:00,358.15,24.48275862,16.94089514,303.78,
09/08/2008 15:00:00,356.8279,24.54022989,16.93578005,303.84,
09/08/2008 16:00:00,254.6568,24.59770115,16.93066496,303.9,
09/08/2008 17:00:00,127.2307,24.65517241,16.92554987,303.96,
09/08/2008 18:00:00,7.9427,24.71264368,16.92043478,304.01,
09/08/2008 19:00:00,-238.3821,24.77011494,16.91531969,304.07,
09/08/2008 20:00:00,-422.6515,24.82758621,16.9102046,304.13,
09/08/2008 21:00:00,-517.1976,24.88505747,16.90508951,304.19,
09/08/2008 22:00:00,-592.3201,24.94252874,16.89997442,304.25,
09/08/2008 23:00:00,-607.0466,25,16.89485934,304.31,*
10/08/2008 00:00:00,-607.8214,25.03594306,16.88974425,304.37,
10/08/2008 01:00:00,-575.0984,25.07188612,16.88462916,304.4,
10/08/2008 02:00:00,-485.8076,25.10782918,16.87951407,304.44,
10/08/2008 03:00:00,-394.4068,25.14377224,16.87439898,304.47,
10/08/2008 04:00:00,-240.388,25.1797153,16.86928389,304.51,
10/08/2008 05:00:00,-9.1328,25.21565836,16.8641688,304.54,
10/08/2008 06:00:00,203.4009,25.25160142,16.85905371,304.58,
10/08/2008 07:00:00,361.3623,25.28754448,16.85393862,304.61,
10/08/2008 08:00:00,391.4652,25.32348754,16.84882353,304.65,
10/08/2008 09:00:00,388.237,25.3594306,16.84370844,304.68,
10/08/2008 10:00:00,437.6622,25.39537367,16.83859335,304.72,
10/08/2008 11:00:00,446.7426,25.43131673,16.83347826,304.75,
10/08/2008 12:00:00,428.683,25.46725979,16.82836317,304.78,
10/08/2008 13:00:00,488.419,25.50320285,16.82324808,304.82,
10/08/2008 14:00:00,474.3524,25.53914591,16.81813299,304.85,
10/08/2008 15:00:00,425.6985,25.57508897,16.8130179,304.89,
10/08/2008 16:00:00,366.6145,25.61103203,16.80790281,304.92,
10/08/2008 17:00:00,225.0011,25.64697509,16.80278772,304.96,
10/08/2008 18:00:00,18.7989,25.68291815,16.79767263,304.99,
10/08/2008 19:00:00,-235.2735,25.71886121,16.79255754,305.03,
10/08/2008 20:00:00,-417.9887,25.75480427,16.78744246,305.06,
10/08/2008 21:00:00,-501.377,25.79074733,16.78232737,305.1,
10/08/2008 22:00:00,-529.9944,25.82669039,16.77721228,305.13,
10/08/2008 23:00:00,-583.995,25.86263345,16.77209719,305.17,
11/08/2008 00:00:00,-597.254,25.89857651,16.7669821,305.2,
11/08/2008 01:00:00,-552.0748,25.93451957,16.76186701,305.18,
11/08/2008 02:00:00,-527.8755,25.97046263,16.75675192,305.17,
11/08/2008 03:00:00,-452.8058,26.00640569,16.75163683,305.15,
11/08/2008 04:00:00,-309.4914,26.04234875,16.74652174,305.14,
11/08/2008 05:00:00,-183.2285,26.07829181,16.74140665,305.12,
11/08/2008 06:00:00,-27.4333,26.11423488,16.73629156,305.1,
11/08/2008 07:00:00,235.4699,26.15017794,16.73117647,305.09,
11/08/2008 08:00:00,373.1469,26.186121,16.72606138,305.07,
11/08/2008 09:00:00,455.0416,26.22206406,16.72094629,305.06,
11/08/2008 10:00:00,520.9828,26.25800712,16.7158312,305.04,
11/08/2008 11:00:00,546.3208,26.29395018,16.71071611,305.03,
11/08/2008 12:00:00,600.5005,26.32989324,16.70560102,305.01,
11/08/2008 13:00:00,631.8864,26.3658363,16.70048593,304.99,
11/08/2008 14:00:00,610.1257,26.40177936,16.69537084,304.98,
11/08/2008 15:00:00,597.5892,26.43772242,16.69025575,304.96,
11/08/2008 16:00:00,517.2242,26.47366548,16.68514066,304.95,
11/08/2008 17:00:00,383.6445,26.50960854,16.68002558,304.93,
11/08/2008 18:00:00,230.8495,26.5455516,16.67491049,304.92,
11/08/2008 19:00:00,-6.2836,26.58149466,16.6697954,304.9,
11/08/2008 20:00:00,-332.374,26.61743772,16.66468031,304.88,
11/08/2008 21:00:00,-460.6472,26.65338078,16.65956522,304.87,
11/08/2008 22:00:00,-492.0134,26.68932384,16.65445013,304.85,
11/08/2008 23:00:00,-524.9927,26.7252669,16.64933504,304.84,
12/08/2008 00:00:00,-516.7921,26.76120996,16.64421995,304.82,
12/08/2008 01:00:00,-478.7222,26.79715302,16.63910486,304.81,
12/08/2008 02:00:00,-461.5164,26.83309609,16.63398977,304.79,
12/08/2008 03:00:00,-412.6459,26.86903915,16.62887468,304.78,
12/08/2008 04:00:00,-351.8563,26.90498221,16.62375959,304.77,
12/08/2008 05:00:00,-305.0738,26.94092527,16.6186445,304.75,
12/08/2008 06:00:00,-172.9213,26.97686833,16.61352941,304.74,
12/08/2008 07:00:00,47.6957,27.01281139,16.60841432,304.73,
12/08/2008 08:00:00,296.1623,27.04875445,16.60329923,304.71,
12/08/2008 09:00:00,458.7366,27.08469751,16.59818414,304.7,
12/08/2008 10:00:00,536.9512,27.12064057,16.59306905,304.69,
12/08/2008 11:00:00,597.6127,27.15658363,16.58795396,304.67,
12/08/2008 12:00:00,660.6643,27.19252669,16.58283887,304.66,
12/08/2008 13:00:00,684.4242,27.22846975,16.57772379,304.65,
12/08/2008 14:00:00,675.598,27.26441281,16.5726087,304.63,
12/08/2008 15:00:00,629.5498,27.30035587,16.56749361,304.62,
12/08/2008 16:00:00,539.4222,27.33629893,16.56237852,304.61,
12/08/2008 17:00:00,428.0652,27.37224199,16.55726343,304.59,
12/08/2008 18:00:00,260.9221,27.40818505,16.55214834,304.58,
12/08/2008 19:00:00,-19.1717,27.44412811,16.54703325,304.57,
12/08/2008 20:00:00,-338.4093,27.48007117,16.54191816,304.55,
12/08/2008 21:00:00,-468.8152,27.51601423,16.53680307,304.54,
12/08/2008 22:00:00,-493.9656,27.5519573,16.53168798,304.53,
12/08/2008 23:00:00,-486.8089,27.58790036,16.52657289,304.51,
13/08/2008 00:00:00,-479.0851,27.62384342,16.5214578,304.5,
13/08/2008 01:00:00,-455.5699,27.65978648,16.51634271,304.51,
13/08/2008 02:00:00,-443.7639,27.69572954,16.51122762,304.51,
13/08/2008 03:00:00,-458.0908,27.7316726,16.50611253,304.52,
13/08/2008 04:00:00,-449.7299,27.76761566,16.50099744,304.53,
13/08/2008 05:00:00,-437.3544,27.80355872,16.49588235,304.54,
13/08/2008 06:00:00,-415.2939,27.83950178,16.49076726,304.54,
13/08/2008 07:00:00,-304.467,27.87544484,16.48565217,304.55,
13/08/2008 08:00:00,-116.1751,27.9113879,16.48053708,304.56,
13/08/2008 09:00:00,182.7312,27.94733096,16.47542199,304.56,
13/08/2008 10:00:00,453.0522,27.98327402,16.47030691,304.57,
13/08/2008 11:00:00,579.044,28.01921708,16.46519182,304.58,
13/08/2008 12:00:00,672.7711,28.05516014,16.46007673,304.59,
13/08/2008 13:00:00,719.728,28.0911032,16.45496164,304.59,
13/08/2008 14:00:00,732.9652,28.12704626,16.44984655,304.6,
13/08/2008 15:00:00,697.0961,28.16298932,16.44473146,304.61,
13/08/2008 16:00:00,609.3019,28.19893238,16.43961637,304.61,
13/08/2008 17:00:00,492.0164,28.23487544,16.43450128,304.62,
13/08/2008 18:00:00,321.4829,28.27081851,16.42938619,304.63,
13/08/2008 19:00:00,40.5052,28.30676157,16.4242711,304.63,
13/08/2008 20:00:00,-320.0127,28.34270463,16.41915601,304.64,
13/08/2008 21:00:00,-506.0061,28.37864769,16.41404092,304.65,
13/08/2008 22:00:00,-550.459,28.41459075,16.40892583,304.66,
13/08/2008 23:00:00,-528.6639,28.45053381,16.40381074,304.66,
14/08/2008 00:00:00,-477.2797,28.48647687,16.39869565,304.67,
14/08/2008 01:00:00,-446.3588,28.52241993,16.39358056,304.61,
14/08/2008 02:00:00,-433.9627,28.55836299,16.38846547,304.56,
14/08/2008 03:00:00,-455.5831,28.59430605,16.38335038,304.5,
14/08/2008 04:00:00,-490.4336,28.63024911,16.37823529,304.45,
14/08/2008 05:00:00,-528.5688,28.66619217,16.3731202,304.39,
14/08/2008 06:00:00,-549.6269,28.70213523,16.36800512,304.33,
14/08/2008 07:00:00,-476.4426,28.73807829,16.36289003,304.28,
14/08/2008 08:00:00,-369.6208,28.77402135,16.35777494,304.22,
14/08/2008 09:00:00,-156.7545,28.80996441,16.35265985,304.16,
14/08/2008 10:00:00,265.7645,28.84590747,16.34754476,304.11,
14/08/2008 11:00:00,598.2635,28.88185053,16.34242967,304.05,
14/08/2008 12:00:00,743.5305,28.91779359,16.33731458,304,
14/08/2008 13:00:00,828.9583,28.95373665,16.33219949,303.94,
14/08/2008 14:00:00,849.35,28.98967972,16.3270844,303.88,
14/08/2008 15:00:00,826.4762,29.02562278,16.32196931,303.83,
14/08/2008 16:00:00,756.6559,29.06156584,16.31685422,303.77,
14/08/2008 17:00:00,628.6262,29.0975089,16.31173913,303.71,
14/08/2008 18:00:00,467.109,29.13345196,16.30662404,303.66,
14/08/2008 19:00:00,253.4998,29.16939502,16.30150895,303.6,
14/08/2008 20:00:00,-85.7707,29.20533808,16.29639386,303.54,
14/08/2008 21:00:00,-406.4813,29.24128114,16.29127877,303.49,
14/08/2008 22:00:00,-494.8181,29.2772242,16.28616368,303.43,
14/08/2008 23:00:00,-482.3544,29.31316726,16.28104859,303.38,
15/08/2008 00:00:00,-413.6098,29.34911032,16.2759335,303.32,
15/08/2008 01:00:00,-336.878,29.38505338,16.27081841,303.28,
15/08/2008 02:00:00,-297.905,29.42099644,16.26570332,303.23,
15/08/2008 03:00:00,-308.1622,29.4569395,16.26058824,303.18,
15/08/2008 04:00:00,-389.3304,29.49288256,16.25547315,303.14,
15/08/2008 05:00:00,-501.4953,29.52882562,16.25035806,303.09,
15/08/2008 06:00:00,-553.9338,29.56476868,16.24524297,303.05,
15/08/2008 07:00:00,-551.95,29.60071174,16.24012788,303.01,
15/08/2008 08:00:00,-502.4427,29.6366548,16.23501279,302.96,
15/08/2008 09:00:00,-344.6977,29.67259786,16.2298977,302.91,
15/08/2008 10:00:00,-71.2063,29.70854093,16.22478261,302.87,
15/08/2008 11:00:00,391.7404,29.74448399,16.21966752,302.82,
15/08/2008 12:00:00,715.0836,29.78042705,16.21455243,302.78,
15/08/2008 13:00:00,832.1235,29.81637011,16.20943734,302.74,
15/08/2008 14:00:00,885.5848,29.85231317,16.20432225,302.69,
15/08/2008 15:00:00,874.8315,29.88825623,16.19920716,302.64,
15/08/2008 16:00:00,814.527,29.92419929,16.19409207,302.6,
15/08/2008 17:00:00,705.2936,29.96014235,16.18897698,302.55,
15/08/2008 18:00:00,548.5148,29.99608541,16.18386189,302.51,
15/08/2008 19:00:00,341.1639,30.03202847,16.1787468,302.47,
15/08/2008 20:00:00,59.8268,30.06797153,16.17363171,302.42,
15/08/2008 21:00:00,-320.6262,30.10391459,16.16851662,302.38,
15/08/2008 22:00:00,-470.4287,30.13985765,16.16340153,302.33,
15/08/2008 23:00:00,-434.1611,30.17580071,16.15828645,302.28,
16/08/2008 00:00:00,-354.2783,30.21174377,16.15317136,302.24,
16/08/2008 01:00:00,-218.4416,30.24768683,16.14805627,302.22,
16/08/2008 02:00:00,-97.0765,30.28362989,16.14294118,302.2,
16/08/2008 03:00:00,-74.6378,30.31957295,16.13782609,302.18,
16/08/2008 04:00:00,-212.422,30.35551601,16.132711,302.16,
16/08/2008 05:00:00,-417.6238,30.39145907,16.12759591,302.13,
16/08/2008 06:00:00,-564.0043,30.42740214,16.12248082,302.11,
16/08/2008 07:00:00,-595.5227,30.4633452,16.11736573,302.09,
16/08/2008 08:00:00,-576.9673,30.49928826,16.11225064,302.07,
16/08/2008 09:00:00,-500.8795,30.53523132,16.10713555,302.05,
16/08/2008 10:00:00,-309.3286,30.57117438,16.10202046,302.03,
16/08/2008 11:00:00,58.5891,30.60711744,16.09690537,302.01,
16/08/2008 12:00:00,539.7645,30.6430605,16.09179028,301.99,
16/08/2008 13:00:00,763.7258,30.67900356,16.08667519,301.96,
16/08/2008 14:00:00,856.2793,30.71494662,16.0815601,301.94,
16/08/2008 15:00:00,852.4326,30.75088968,16.07644501,301.92,
16/08/2008 16:00:00,807.6566,30.78683274,16.07132992,301.9,
16/08/2008 17:00:00,708.4918,30.8227758,16.06621483,301.88,
16/08/2008 18:00:00,542.1814,30.85871886,16.06109974,301.86,
16/08/2008 19:00:00,325.6825,30.89466192,16.05598465,301.84,
16/08/2008 20:00:00,23.0892,30.93060498,16.05086957,301.81,
16/08/2008 21:00:00,-363.0165,30.96654804,16.04575448,301.79,
16/08/2008 22:00:00,-507.3892,31.0024911,16.04063939,301.77,
16/08/2008 23:00:00,-479.4641,31.03843416,16.0355243,301.75,
17/08/2008 00:00:00,-388.0049,31.07437722,16.03040921,301.73,
17/08/2008 01:00:00,-243.0811,31.11032028,16.02529412,301.74,
17/08/2008 02:00:00,-63.7276,31.14626335,16.02017903,301.76,
17/08/2008 03:00:00,52.4556,31.18220641,16.01506394,301.77,
17/08/2008 04:00:00,-15.9939,31.21814947,16.00994885,301.79,
17/08/2008 05:00:00,-308.059,31.25409253,16.00483376,301.8,
17/08/2008 06:00:00,-571.0302,31.29003559,15.99971867,301.82,
17/08/2008 07:00:00,-655.4694,31.32597865,15.99460358,301.83,
17/08/2008 08:00:00,-675.3698,31.36192171,15.98948849,301.85,
17/08/2008 09:00:00,-634.5381,31.39786477,15.9843734,301.86,
17/08/2008 10:00:00,-463.6863,31.43380783,15.97925831,301.88,
17/08/2008 11:00:00,-204.0143,31.46975089,15.97414322,301.89,
17/08/2008 12:00:00,239.1444,31.50569395,15.96902813,301.9,
17/08/2008 13:00:00,693.5709,31.54163701,15.96391304,301.92,
17/08/2008 14:00:00,823.1779,31.57758007,15.95879795,301.93,
17/08/2008 15:00:00,860.8671,31.61352313,15.95368286,301.95,
17/08/2008 16:00:00,827.2529,31.64946619,15.94856777,301.96,
17/08/2008 17:00:00,724.6322,31.68540925,15.94345269,301.98,
17/08/2008 18:00:00,566.3859,31.72135231,15.9383376,301.99,
17/08/2008 19:00:00,355.1467,31.75729537,15.93322251,302.01,
17/08/2008 20:00:00,46.1891,31.79323843,15.92810742,302.02,
17/08/2008 21:00:00,-343.1648,31.82918149,15.92299233,302.04,
17/08/2008 22:00:00,-487.434,31.86512456,15.91787724,302.05,
17/08/2008 23:00:00,-472.9633,31.90106762,15.91276215,302.07,
18/08/2008 00:00:00,-365.9229,31.93701068,15.90764706,302.08,
18/08/2008 01:00:00,-178.9222,31.97295374,15.90253197,301.98,
18/08/2008 02:00:00,74.4132,32.0088968,15.89741688,301.89,
18/08/2008 03:00:00,267.3326,32.04483986,15.89230179,301.79,
18/08/2008 04:00:00,225.1129,32.08078292,15.8871867,301.69,
18/08/2008 05:00:00,-11.3941,32.11672598,15.88207161,301.6,
18/08/2008 06:00:00,-390.243,32.15266904,15.87695652,301.5,
18/08/2008 07:00:00,-613.6938,32.1886121,15.87184143,301.4,
18/08/2008 08:00:00,-649.9029,32.22455516,15.86672634,301.31,
18/08/2008 09:00:00,-632.7574,32.26049822,15.86161125,301.21,
18/08/2008 10:00:00,-557.4554,32.29644128,15.85649616,301.11,
18/08/2008 11:00:00,-368.6805,32.33238434,15.85138107,301.02,
18/08/2008 12:00:00,-31.8762,32.3683274,15.84626598,300.92,
18/08/2008 13:00:00,456.1611,32.40427046,15.8411509,300.82,
18/08/2008 14:00:00,727.1589,32.44021352,15.83603581,300.73,
18/08/2008 15:00:00,788.707,32.47615658,15.83092072,300.63,
18/08/2008 16:00:00,775.4667,32.51209964,15.82580563,300.53,
18/08/2008 17:00:00,688.8569,32.5480427,15.82069054,300.44,
18/08/2008 18:00:00,528.499,32.58398577,15.81557545,300.34,
18/08/2008 19:00:00,311.3341,32.61992883,15.81046036,300.24,
18/08/2008 20:00:00,-18.8602,32.65587189,15.80534527,300.15,
18/08/2008 21:00:00,-413.6866,32.69181495,15.80023018,300.05,
18/08/2008 22:00:00,-535.5684,32.72775801,15.79511509,299.95,
18/08/2008 23:00:00,-501.7092,32.76370107,15.79,299.86,
19/08/2008 00:00:00,-391.3656,32.79964413,15.79,299.76,
19/08/2008 01:00:00,-203.9848,32.83558719,15.789,299.77,
19/08/2008 02:00:00,105.1627,32.87153025,15.787,299.78,
19/08/2008 03:00:00,381.2179,32.90747331,15.786,299.79,
19/08/2008 04:00:00,400.6119,32.94341637,15.785,299.8,
19/08/2008 05:00:00,267.7587,32.97935943,15.784,299.81,
19/08/2008 06:00:00,-27.7248,33.01530249,15.782,299.82,
19/08/2008 07:00:00,-415.3576,33.05124555,15.781,299.82,
19/08/2008 08:00:00,-562.9998,33.08718861,15.78,299.83,
19/08/2008 09:00:00,-572.3921,33.12313167,15.779,299.84,
19/08/2008 10:00:00,-501.7247,33.15907473,15.778,299.85,
19/08/2008 11:00:00,-350.4352,33.19501779,15.776,299.86,
19/08/2008 12:00:00,-98.428,33.23096085,15.775,299.87,
19/08/2008 13:00:00,349.4657,33.26690391,15.774,299.88,
19/08/2008 14:00:00,642.0763,33.30284698,15.772,299.89,
19/08/2008 15:00:00,737.1394,33.33879004,15.771,299.9,
19/08/2008 16:00:00,736.6634,33.3747331,15.77,299.91,
19/08/2008 17:00:00,655.4707,33.41067616,15.769,299.92,
19/08/2008 18:00:00,519.2475,33.44661922,15.768,299.93,
19/08/2008 19:00:00,312.6902,33.48256228,15.766,299.93,
19/08/2008 20:00:00,5.9769,33.51850534,15.765,299.94,
19/08/2008 21:00:00,-329.8524,33.5544484,15.764,299.95,
19/08/2008 22:00:00,-459.4459,33.59039146,15.763,299.96,
19/08/2008 23:00:00,-432.0447,33.62633452,15.761,299.97,
20/08/2008 00:00:00,-306.6091,33.66227758,15.76,299.98,
20/08/2008 01:00:00,-80.9542,33.69822064,15.752,300.03,
20/08/2008 02:00:00,248.4807,33.7341637,15.743,300.09,
20/08/2008 03:00:00,486.243,33.77010676,15.735,300.14,
20/08/2008 04:00:00,520.7797,33.80604982,15.727,300.19,
20/08/2008 05:00:00,461.4679,33.84199288,15.718,300.25,
20/08/2008 06:00:00,332.1448,33.87793594,15.71,300.3,
20/08/2008 07:00:00,120.2782,33.913879,15.702,300.35,
20/08/2008 08:00:00,-192.4562,33.94982206,15.693,300.41,
20/08/2008 09:00:00,-364.0305,33.98576512,15.685,300.46,
20/08/2008 10:00:00,-373.5887,34.02170819,15.677,300.51,
20/08/2008 11:00:00,-316.4884,34.05765125,15.668,300.57,
20/08/2008 12:00:00,-150.2118,34.09359431,15.66,300.62,
20/08/2008 13:00:00,115.6486,34.12953737,15.652,300.67,
20/08/2008 14:00:00,382.0429,34.16548043,15.643,300.73,
20/08/2008 15:00:00,516.9225,34.20142349,15.635,300.78,
20/08/2008 16:00:00,521.4045,34.23736655,15.627,300.83,
20/08/2008 17:00:00,453.6539,34.27330961,15.618,300.89,
20/08/2008 18:00:00,333.24,34.30925267,15.61,300.94,
20/08/2008 19:00:00,82.7999,34.34519573,15.602,300.99,
20/08/2008 20:00:00,-343.5996,34.38113879,15.593,301.05,
20/08/2008 21:00:00,-497.9919,34.41708185,15.585,301.1,
20/08/2008 22:00:00,-512.5996,34.45302491,15.577,301.15,
20/08/2008 23:00:00,-492.289,34.48896797,15.568,301.21,
21/08/2008 00:00:00,-361.5057,34.52491103,15.56,301.26,
21/08/2008 01:00:00,-198.5945,34.56085409,15.553,301.31,
21/08/2008 02:00:00,28.9829,34.59679715,15.545,301.35,
21/08/2008 03:00:00,388.1204,34.63274021,15.538,301.4,
21/08/2008 04:00:00,526.033,34.66868327,15.53,301.45,
21/08/2008 05:00:00,516.8196,34.70462633,15.522,301.5,
21/08/2008 06:00:00,444.7579,34.7405694,15.515,301.54,
21/08/2008 07:00:00,313.8829,34.77651246,15.508,301.59,
21/08/2008 08:00:00,142.6043,34.81245552,15.5,301.64,
21/08/2008 09:00:00,-44.7582,34.84839858,15.493,301.68,
21/08/2008 10:00:00,-181.437,34.88434164,15.485,301.73,
21/08/2008 11:00:00,-172.5153,34.9202847,15.477,301.78,
21/08/2008 12:00:00,-71.7004,34.95622776,15.47,301.82,
21/08/2008 13:00:00,49.7849,34.99217082,15.463,301.87,
21/08/2008 14:00:00,211.3691,35.02811388,15.455,301.92,
21/08/2008 15:00:00,311.4434,35.06405694,15.448,301.97,
21/08/2008 16:00:00,333.8481,35.1,15.44,302.01,
